converged,device,iterations,lattice,levels,phase,precision,sample,seconds,side,trace,true_residual,unit_id
True,p100,129.0,16x16x16x16,1,cold,c128,0,3.68646092400013,pyqcu,off,1.6782189572295156e-08,p100__16x16x16x16__c128__l1__trace-off
True,p100,129.0,16x16x16x16,1,warmup,c128,0,3.82173017700552,pyqcu,off,1.6782189572295156e-08,p100__16x16x16x16__c128__l1__trace-off
True,p100,129.0,16x16x16x16,1,warmup,c128,1,3.8691175900021335,pyqcu,off,1.6782189572295156e-08,p100__16x16x16x16__c128__l1__trace-off
True,p100,129.0,16x16x16x16,1,steady,c128,0,3.9386075789952883,pyqcu,off,1.6782189572295156e-08,p100__16x16x16x16__c128__l1__trace-off
True,p100,129.0,16x16x16x16,1,steady,c128,1,3.9695709310035454,pyqcu,off,1.6782189572295156e-08,p100__16x16x16x16__c128__l1__trace-off
True,p100,129.0,16x16x16x16,1,steady,c128,2,3.8956328940112144,pyqcu,off,1.6782189572295156e-08,p100__16x16x16x16__c128__l1__trace-off
True,p100,129.0,16x16x16x16,1,steady,c128,3,3.75960003300861,pyqcu,off,1.6782189572295156e-08,p100__16x16x16x16__c128__l1__trace-off
True,p100,129.0,16x16x16x16,1,steady,c128,4,3.7469519750011386,pyqcu,off,1.6782189572295156e-08,p100__16x16x16x16__c128__l1__trace-off
True,p100,81.0,16x16x16x16,1,cold,c128,0,0.9357101800123928,quda,off,1.8334761338720516e-08,p100__16x16x16x16__c128__l1__trace-off
True,p100,81.0,16x16x16x16,1,warmup,c128,0,0.9032683830009773,quda,off,1.8334761338720516e-08,p100__16x16x16x16__c128__l1__trace-off
True,p100,81.0,16x16x16x16,1,warmup,c128,1,0.8586428440030431,quda,off,1.8334761338720516e-08,p100__16x16x16x16__c128__l1__trace-off
True,p100,81.0,16x16x16x16,1,steady,c128,0,0.8741149239940569,quda,off,1.8334761338720516e-08,p100__16x16x16x16__c128__l1__trace-off
True,p100,81.0,16x16x16x16,1,steady,c128,1,0.8989584379887674,quda,off,1.8334761338720516e-08,p100__16x16x16x16__c128__l1__trace-off
True,p100,81.0,16x16x16x16,1,steady,c128,2,0.8801665120117832,quda,off,1.8334761338720516e-08,p100__16x16x16x16__c128__l1__trace-off
True,p100,81.0,16x16x16x16,1,steady,c128,3,0.8710062509926502,quda,off,1.8334761338720516e-08,p100__16x16x16x16__c128__l1__trace-off
True,p100,81.0,16x16x16x16,1,steady,c128,4,0.8641407710092608,quda,off,1.8334761338720516e-08,p100__16x16x16x16__c128__l1__trace-off
True,p100,129.0,16x16x16x16,1,cold,c128,0,3.7109753679978894,pyqcu,on,1.6782189572295156e-08,p100__16x16x16x16__c128__l1__trace-on
True,p100,129.0,16x16x16x16,1,warmup,c128,0,3.7754976419964805,pyqcu,on,1.6782189572295156e-08,p100__16x16x16x16__c128__l1__trace-on
True,p100,129.0,16x16x16x16,1,warmup,c128,1,3.6674428100086516,pyqcu,on,1.6782189572295156e-08,p100__16x16x16x16__c128__l1__trace-on
True,p100,129.0,16x16x16x16,1,steady,c128,0,3.7236657189932885,pyqcu,on,1.6782189572295156e-08,p100__16x16x16x16__c128__l1__trace-on
True,p100,129.0,16x16x16x16,1,steady,c128,1,3.817755133000901,pyqcu,on,1.6782189572295156e-08,p100__16x16x16x16__c128__l1__trace-on
True,p100,129.0,16x16x16x16,1,steady,c128,2,3.766847835999215,pyqcu,on,1.6782189572295156e-08,p100__16x16x16x16__c128__l1__trace-on
True,p100,129.0,16x16x16x16,1,steady,c128,3,3.830924726004014,pyqcu,on,1.6782189572295156e-08,p100__16x16x16x16__c128__l1__trace-on
True,p100,129.0,16x16x16x16,1,steady,c128,4,3.7373879319929983,pyqcu,on,1.6782189572295156e-08,p100__16x16x16x16__c128__l1__trace-on
True,p100,81.0,16x16x16x16,1,cold,c128,0,0.8660072420025244,quda,on,1.8334761338720516e-08,p100__16x16x16x16__c128__l1__trace-on
True,p100,81.0,16x16x16x16,1,warmup,c128,0,0.8834629829943879,quda,on,1.8334761338720516e-08,p100__16x16x16x16__c128__l1__trace-on
True,p100,81.0,16x16x16x16,1,warmup,c128,1,0.8922290509945014,quda,on,1.8334761338720516e-08,p100__16x16x16x16__c128__l1__trace-on
True,p100,81.0,16x16x16x16,1,steady,c128,0,0.9009240190061973,quda,on,1.8334761338720516e-08,p100__16x16x16x16__c128__l1__trace-on
True,p100,81.0,16x16x16x16,1,steady,c128,1,0.884183671005303,quda,on,1.8334761338720516e-08,p100__16x16x16x16__c128__l1__trace-on
True,p100,81.0,16x16x16x16,1,steady,c128,2,0.8988279010081897,quda,on,1.8334761338720516e-08,p100__16x16x16x16__c128__l1__trace-on
True,p100,81.0,16x16x16x16,1,steady,c128,3,0.8762967249931535,quda,on,1.8334761338720516e-08,p100__16x16x16x16__c128__l1__trace-on
True,p100,81.0,16x16x16x16,1,steady,c128,4,0.9035365680028917,quda,on,1.8334761338720516e-08,p100__16x16x16x16__c128__l1__trace-on
True,p100,129.0,16x16x16x16,2,cold,c128,0,3.68646092400013,pyqcu,off,1.6782189572295156e-08,p100__16x16x16x16__c128__l2__trace-off
True,p100,129.0,16x16x16x16,2,warmup,c128,0,3.82173017700552,pyqcu,off,1.6782189572295156e-08,p100__16x16x16x16__c128__l2__trace-off
True,p100,129.0,16x16x16x16,2,warmup,c128,1,3.8691175900021335,pyqcu,off,1.6782189572295156e-08,p100__16x16x16x16__c128__l2__trace-off
True,p100,129.0,16x16x16x16,2,steady,c128,0,3.9386075789952883,pyqcu,off,1.6782189572295156e-08,p100__16x16x16x16__c128__l2__trace-off
True,p100,129.0,16x16x16x16,2,steady,c128,1,3.9695709310035454,pyqcu,off,1.6782189572295156e-08,p100__16x16x16x16__c128__l2__trace-off
True,p100,129.0,16x16x16x16,2,steady,c128,2,3.8956328940112144,pyqcu,off,1.6782189572295156e-08,p100__16x16x16x16__c128__l2__trace-off
True,p100,129.0,16x16x16x16,2,steady,c128,3,3.75960003300861,pyqcu,off,1.6782189572295156e-08,p100__16x16x16x16__c128__l2__trace-off
True,p100,129.0,16x16x16x16,2,steady,c128,4,3.7469519750011386,pyqcu,off,1.6782189572295156e-08,p100__16x16x16x16__c128__l2__trace-off
True,p100,81.0,16x16x16x16,2,cold,c128,0,0.9357101800123928,quda,off,1.8334761338720516e-08,p100__16x16x16x16__c128__l2__trace-off
True,p100,81.0,16x16x16x16,2,warmup,c128,0,0.9032683830009773,quda,off,1.8334761338720516e-08,p100__16x16x16x16__c128__l2__trace-off
True,p100,81.0,16x16x16x16,2,warmup,c128,1,0.8586428440030431,quda,off,1.8334761338720516e-08,p100__16x16x16x16__c128__l2__trace-off
True,p100,81.0,16x16x16x16,2,steady,c128,0,0.8741149239940569,quda,off,1.8334761338720516e-08,p100__16x16x16x16__c128__l2__trace-off
True,p100,81.0,16x16x16x16,2,steady,c128,1,0.8989584379887674,quda,off,1.8334761338720516e-08,p100__16x16x16x16__c128__l2__trace-off
True,p100,81.0,16x16x16x16,2,steady,c128,2,0.8801665120117832,quda,off,1.8334761338720516e-08,p100__16x16x16x16__c128__l2__trace-off
True,p100,81.0,16x16x16x16,2,steady,c128,3,0.8710062509926502,quda,off,1.8334761338720516e-08,p100__16x16x16x16__c128__l2__trace-off
True,p100,81.0,16x16x16x16,2,steady,c128,4,0.8641407710092608,quda,off,1.8334761338720516e-08,p100__16x16x16x16__c128__l2__trace-off
True,p100,129.0,16x16x16x16,2,cold,c128,0,3.7109753679978894,pyqcu,on,1.6782189572295156e-08,p100__16x16x16x16__c128__l2__trace-on
True,p100,129.0,16x16x16x16,2,warmup,c128,0,3.7754976419964805,pyqcu,on,1.6782189572295156e-08,p100__16x16x16x16__c128__l2__trace-on
True,p100,129.0,16x16x16x16,2,warmup,c128,1,3.6674428100086516,pyqcu,on,1.6782189572295156e-08,p100__16x16x16x16__c128__l2__trace-on
True,p100,129.0,16x16x16x16,2,steady,c128,0,3.7236657189932885,pyqcu,on,1.6782189572295156e-08,p100__16x16x16x16__c128__l2__trace-on
True,p100,129.0,16x16x16x16,2,steady,c128,1,3.817755133000901,pyqcu,on,1.6782189572295156e-08,p100__16x16x16x16__c128__l2__trace-on
True,p100,129.0,16x16x16x16,2,steady,c128,2,3.766847835999215,pyqcu,on,1.6782189572295156e-08,p100__16x16x16x16__c128__l2__trace-on
True,p100,129.0,16x16x16x16,2,steady,c128,3,3.830924726004014,pyqcu,on,1.6782189572295156e-08,p100__16x16x16x16__c128__l2__trace-on
True,p100,129.0,16x16x16x16,2,steady,c128,4,3.7373879319929983,pyqcu,on,1.6782189572295156e-08,p100__16x16x16x16__c128__l2__trace-on
True,p100,81.0,16x16x16x16,2,cold,c128,0,0.8660072420025244,quda,on,1.8334761338720516e-08,p100__16x16x16x16__c128__l2__trace-on
True,p100,81.0,16x16x16x16,2,warmup,c128,0,0.8834629829943879,quda,on,1.8334761338720516e-08,p100__16x16x16x16__c128__l2__trace-on
True,p100,81.0,16x16x16x16,2,warmup,c128,1,0.8922290509945014,quda,on,1.8334761338720516e-08,p100__16x16x16x16__c128__l2__trace-on
True,p100,81.0,16x16x16x16,2,steady,c128,0,0.9009240190061973,quda,on,1.8334761338720516e-08,p100__16x16x16x16__c128__l2__trace-on
True,p100,81.0,16x16x16x16,2,steady,c128,1,0.884183671005303,quda,on,1.8334761338720516e-08,p100__16x16x16x16__c128__l2__trace-on
True,p100,81.0,16x16x16x16,2,steady,c128,2,0.8988279010081897,quda,on,1.8334761338720516e-08,p100__16x16x16x16__c128__l2__trace-on
True,p100,81.0,16x16x16x16,2,steady,c128,3,0.8762967249931535,quda,on,1.8334761338720516e-08,p100__16x16x16x16__c128__l2__trace-on
True,p100,81.0,16x16x16x16,2,steady,c128,4,0.9035365680028917,quda,on,1.8334761338720516e-08,p100__16x16x16x16__c128__l2__trace-on
True,p100,129.0,16x16x16x16,3,cold,c128,0,3.7172915630071657,pyqcu,off,1.6782189572295156e-08,p100__16x16x16x16__c128__l3__trace-off
True,p100,129.0,16x16x16x16,3,warmup,c128,0,3.7075761260057334,pyqcu,off,1.6782189572295156e-08,p100__16x16x16x16__c128__l3__trace-off
True,p100,129.0,16x16x16x16,3,warmup,c128,1,3.6863391080114525,pyqcu,off,1.6782189572295156e-08,p100__16x16x16x16__c128__l3__trace-off
True,p100,129.0,16x16x16x16,3,steady,c128,0,3.682793922998826,pyqcu,off,1.6782189572295156e-08,p100__16x16x16x16__c128__l3__trace-off
True,p100,129.0,16x16x16x16,3,steady,c128,1,3.676962558995001,pyqcu,off,1.6782189572295156e-08,p100__16x16x16x16__c128__l3__trace-off
True,p100,129.0,16x16x16x16,3,steady,c128,2,3.7043811960029416,pyqcu,off,1.6782189572295156e-08,p100__16x16x16x16__c128__l3__trace-off
True,p100,129.0,16x16x16x16,3,steady,c128,3,3.730636644002516,pyqcu,off,1.6782189572295156e-08,p100__16x16x16x16__c128__l3__trace-off
True,p100,129.0,16x16x16x16,3,steady,c128,4,3.7215391010104213,pyqcu,off,1.6782189572295156e-08,p100__16x16x16x16__c128__l3__trace-off
True,p100,81.0,16x16x16x16,3,cold,c128,0,0.8555027310067089,quda,off,1.8334761338720516e-08,p100__16x16x16x16__c128__l3__trace-off
True,p100,81.0,16x16x16x16,3,warmup,c128,0,0.8759343209967483,quda,off,1.8334761338720516e-08,p100__16x16x16x16__c128__l3__trace-off
True,p100,81.0,16x16x16x16,3,warmup,c128,1,0.9005505960085429,quda,off,1.8334761338720516e-08,p100__16x16x16x16__c128__l3__trace-off
True,p100,81.0,16x16x16x16,3,steady,c128,0,0.889399865991436,quda,off,1.8334761338720516e-08,p100__16x16x16x16__c128__l3__trace-off
True,p100,81.0,16x16x16x16,3,steady,c128,1,0.8791168850002578,quda,off,1.8334761338720516e-08,p100__16x16x16x16__c128__l3__trace-off
True,p100,81.0,16x16x16x16,3,steady,c128,2,0.8714848530071322,quda,off,1.8334761338720516e-08,p100__16x16x16x16__c128__l3__trace-off
True,p100,81.0,16x16x16x16,3,steady,c128,3,0.9038799840054708,quda,off,1.8334761338720516e-08,p100__16x16x16x16__c128__l3__trace-off
True,p100,81.0,16x16x16x16,3,steady,c128,4,0.8854869450005936,quda,off,1.8334761338720516e-08,p100__16x16x16x16__c128__l3__trace-off
True,p100,129.0,16x16x16x16,3,cold,c128,0,3.7206851500086486,pyqcu,on,1.6782189572295156e-08,p100__16x16x16x16__c128__l3__trace-on
True,p100,129.0,16x16x16x16,3,warmup,c128,0,3.6762536099995486,pyqcu,on,1.6782189572295156e-08,p100__16x16x16x16__c128__l3__trace-on
True,p100,129.0,16x16x16x16,3,warmup,c128,1,3.8153532020078273,pyqcu,on,1.6782189572295156e-08,p100__16x16x16x16__c128__l3__trace-on
True,p100,129.0,16x16x16x16,3,steady,c128,0,3.8277816829941003,pyqcu,on,1.6782189572295156e-08,p100__16x16x16x16__c128__l3__trace-on
True,p100,129.0,16x16x16x16,3,steady,c128,1,3.7639653130027,pyqcu,on,1.6782189572295156e-08,p100__16x16x16x16__c128__l3__trace-on
True,p100,129.0,16x16x16x16,3,steady,c128,2,3.776561449994915,pyqcu,on,1.6782189572295156e-08,p100__16x16x16x16__c128__l3__trace-on
True,p100,129.0,16x16x16x16,3,steady,c128,3,3.798965185007546,pyqcu,on,1.6782189572295156e-08,p100__16x16x16x16__c128__l3__trace-on
True,p100,129.0,16x16x16x16,3,steady,c128,4,3.743064284004504,pyqcu,on,1.6782189572295156e-08,p100__16x16x16x16__c128__l3__trace-on
True,p100,81.0,16x16x16x16,3,cold,c128,0,0.8790285380091518,quda,on,1.8334761338720516e-08,p100__16x16x16x16__c128__l3__trace-on
True,p100,81.0,16x16x16x16,3,warmup,c128,0,0.886287789006019,quda,on,1.8334761338720516e-08,p100__16x16x16x16__c128__l3__trace-on
True,p100,81.0,16x16x16x16,3,warmup,c128,1,0.9001571589906234,quda,on,1.8334761338720516e-08,p100__16x16x16x16__c128__l3__trace-on
True,p100,81.0,16x16x16x16,3,steady,c128,0,0.9080780079966644,quda,on,1.8334761338720516e-08,p100__16x16x16x16__c128__l3__trace-on
True,p100,81.0,16x16x16x16,3,steady,c128,1,0.8844450680044247,quda,on,1.8334761338720516e-08,p100__16x16x16x16__c128__l3__trace-on
True,p100,81.0,16x16x16x16,3,steady,c128,2,0.8870684160065139,quda,on,1.8334761338720516e-08,p100__16x16x16x16__c128__l3__trace-on
True,p100,81.0,16x16x16x16,3,steady,c128,3,0.8388729830039665,quda,on,1.8334761338720516e-08,p100__16x16x16x16__c128__l3__trace-on
True,p100,81.0,16x16x16x16,3,steady,c128,4,0.9016926289914409,quda,on,1.8334761338720516e-08,p100__16x16x16x16__c128__l3__trace-on
True,p100,89.0,16x16x16x16,1,cold,c64,0,1.2519285529997433,pyqcu,off,3.345283812830738e-07,p100__16x16x16x16__c64__l1__trace-off
True,p100,89.0,16x16x16x16,1,warmup,c64,0,1.2070750189886894,pyqcu,off,3.345283812830738e-07,p100__16x16x16x16__c64__l1__trace-off
True,p100,89.0,16x16x16x16,1,warmup,c64,1,1.2180282379995333,pyqcu,off,3.345283812830738e-07,p100__16x16x16x16__c64__l1__trace-off
True,p100,89.0,16x16x16x16,1,steady,c64,0,1.156670562006184,pyqcu,off,3.345283812830738e-07,p100__16x16x16x16__c64__l1__trace-off
True,p100,89.0,16x16x16x16,1,steady,c64,1,1.205575610001688,pyqcu,off,3.345283812830738e-07,p100__16x16x16x16__c64__l1__trace-off
True,p100,89.0,16x16x16x16,1,steady,c64,2,1.2018943350121845,pyqcu,off,3.345283812830738e-07,p100__16x16x16x16__c64__l1__trace-off
True,p100,89.0,16x16x16x16,1,steady,c64,3,1.3041382009978406,pyqcu,off,3.345283812830738e-07,p100__16x16x16x16__c64__l1__trace-off
True,p100,89.0,16x16x16x16,1,steady,c64,4,1.1527757949952502,pyqcu,off,3.345283812830738e-07,p100__16x16x16x16__c64__l1__trace-off
True,p100,63.0,16x16x16x16,1,cold,c64,0,0.6341528490011115,quda,off,6.974590243719273e-07,p100__16x16x16x16__c64__l1__trace-off
True,p100,63.0,16x16x16x16,1,warmup,c64,0,1.1187308670050697,quda,off,6.974590243719273e-07,p100__16x16x16x16__c64__l1__trace-off
True,p100,63.0,16x16x16x16,1,warmup,c64,1,0.5614832099963678,quda,off,6.974590243719273e-07,p100__16x16x16x16__c64__l1__trace-off
True,p100,63.0,16x16x16x16,1,steady,c64,0,0.5251856429968029,quda,off,6.974590243719273e-07,p100__16x16x16x16__c64__l1__trace-off
True,p100,63.0,16x16x16x16,1,steady,c64,1,0.552932199992938,quda,off,6.974590243719273e-07,p100__16x16x16x16__c64__l1__trace-off
True,p100,63.0,16x16x16x16,1,steady,c64,2,0.5322758670081384,quda,off,6.974590243719273e-07,p100__16x16x16x16__c64__l1__trace-off
True,p100,63.0,16x16x16x16,1,steady,c64,3,0.5512026969954604,quda,off,6.974590243719273e-07,p100__16x16x16x16__c64__l1__trace-off
True,p100,63.0,16x16x16x16,1,steady,c64,4,0.5238846659922274,quda,off,6.974590243719273e-07,p100__16x16x16x16__c64__l1__trace-off
True,p100,89.0,16x16x16x16,1,cold,c64,0,2.24103696399834,pyqcu,on,3.345283812830738e-07,p100__16x16x16x16__c64__l1__trace-on
True,p100,89.0,16x16x16x16,1,warmup,c64,0,2.2156972139928257,pyqcu,on,3.345283812830738e-07,p100__16x16x16x16__c64__l1__trace-on
True,p100,89.0,16x16x16x16,1,warmup,c64,1,2.217058298003394,pyqcu,on,3.345283812830738e-07,p100__16x16x16x16__c64__l1__trace-on
True,p100,89.0,16x16x16x16,1,steady,c64,0,2.2195544030109886,pyqcu,on,3.345283812830738e-07,p100__16x16x16x16__c64__l1__trace-on
True,p100,89.0,16x16x16x16,1,steady,c64,1,2.2117050060041947,pyqcu,on,3.345283812830738e-07,p100__16x16x16x16__c64__l1__trace-on
True,p100,89.0,16x16x16x16,1,steady,c64,2,2.1784436629968695,pyqcu,on,3.345283812830738e-07,p100__16x16x16x16__c64__l1__trace-on
True,p100,89.0,16x16x16x16,1,steady,c64,3,2.216562605011859,pyqcu,on,3.345283812830738e-07,p100__16x16x16x16__c64__l1__trace-on
True,p100,89.0,16x16x16x16,1,steady,c64,4,2.2028762370027835,pyqcu,on,3.345283812830738e-07,p100__16x16x16x16__c64__l1__trace-on
True,p100,63.0,16x16x16x16,1,cold,c64,0,1.1288838040054543,quda,on,6.974590243719273e-07,p100__16x16x16x16__c64__l1__trace-on
True,p100,63.0,16x16x16x16,1,warmup,c64,0,1.1395257499971194,quda,on,6.974590243719273e-07,p100__16x16x16x16__c64__l1__trace-on
True,p100,63.0,16x16x16x16,1,warmup,c64,1,0.5367323129903525,quda,on,6.974590243719273e-07,p100__16x16x16x16__c64__l1__trace-on
True,p100,63.0,16x16x16x16,1,steady,c64,0,0.5272762359963963,quda,on,6.974590243719273e-07,p100__16x16x16x16__c64__l1__trace-on
True,p100,63.0,16x16x16x16,1,steady,c64,1,0.5317175059899455,quda,on,6.974590243719273e-07,p100__16x16x16x16__c64__l1__trace-on
True,p100,63.0,16x16x16x16,1,steady,c64,2,0.5982610619976185,quda,on,6.974590243719273e-07,p100__16x16x16x16__c64__l1__trace-on
True,p100,63.0,16x16x16x16,1,steady,c64,3,0.5317124060093192,quda,on,6.974590243719273e-07,p100__16x16x16x16__c64__l1__trace-on
True,p100,63.0,16x16x16x16,1,steady,c64,4,0.5221864260092843,quda,on,6.974590243719273e-07,p100__16x16x16x16__c64__l1__trace-on
True,p100,89.0,16x16x16x16,2,cold,c64,0,1.2519285529997433,pyqcu,off,3.345283812830738e-07,p100__16x16x16x16__c64__l2__trace-off
True,p100,89.0,16x16x16x16,2,warmup,c64,0,1.2070750189886894,pyqcu,off,3.345283812830738e-07,p100__16x16x16x16__c64__l2__trace-off
True,p100,89.0,16x16x16x16,2,warmup,c64,1,1.2180282379995333,pyqcu,off,3.345283812830738e-07,p100__16x16x16x16__c64__l2__trace-off
True,p100,89.0,16x16x16x16,2,steady,c64,0,1.156670562006184,pyqcu,off,3.345283812830738e-07,p100__16x16x16x16__c64__l2__trace-off
True,p100,89.0,16x16x16x16,2,steady,c64,1,1.205575610001688,pyqcu,off,3.345283812830738e-07,p100__16x16x16x16__c64__l2__trace-off
True,p100,89.0,16x16x16x16,2,steady,c64,2,1.2018943350121845,pyqcu,off,3.345283812830738e-07,p100__16x16x16x16__c64__l2__trace-off
True,p100,89.0,16x16x16x16,2,steady,c64,3,1.3041382009978406,pyqcu,off,3.345283812830738e-07,p100__16x16x16x16__c64__l2__trace-off
True,p100,89.0,16x16x16x16,2,steady,c64,4,1.1527757949952502,pyqcu,off,3.345283812830738e-07,p100__16x16x16x16__c64__l2__trace-off
True,p100,63.0,16x16x16x16,2,cold,c64,0,0.6341528490011115,quda,off,6.974590243719273e-07,p100__16x16x16x16__c64__l2__trace-off
True,p100,63.0,16x16x16x16,2,warmup,c64,0,1.1187308670050697,quda,off,6.974590243719273e-07,p100__16x16x16x16__c64__l2__trace-off
True,p100,63.0,16x16x16x16,2,warmup,c64,1,0.5614832099963678,quda,off,6.974590243719273e-07,p100__16x16x16x16__c64__l2__trace-off
True,p100,63.0,16x16x16x16,2,steady,c64,0,0.5251856429968029,quda,off,6.974590243719273e-07,p100__16x16x16x16__c64__l2__trace-off
True,p100,63.0,16x16x16x16,2,steady,c64,1,0.552932199992938,quda,off,6.974590243719273e-07,p100__16x16x16x16__c64__l2__trace-off
True,p100,63.0,16x16x16x16,2,steady,c64,2,0.5322758670081384,quda,off,6.974590243719273e-07,p100__16x16x16x16__c64__l2__trace-off
True,p100,63.0,16x16x16x16,2,steady,c64,3,0.5512026969954604,quda,off,6.974590243719273e-07,p100__16x16x16x16__c64__l2__trace-off
True,p100,63.0,16x16x16x16,2,steady,c64,4,0.5238846659922274,quda,off,6.974590243719273e-07,p100__16x16x16x16__c64__l2__trace-off
True,p100,89.0,16x16x16x16,2,cold,c64,0,2.24103696399834,pyqcu,on,3.345283812830738e-07,p100__16x16x16x16__c64__l2__trace-on
True,p100,89.0,16x16x16x16,2,warmup,c64,0,2.2156972139928257,pyqcu,on,3.345283812830738e-07,p100__16x16x16x16__c64__l2__trace-on
True,p100,89.0,16x16x16x16,2,warmup,c64,1,2.217058298003394,pyqcu,on,3.345283812830738e-07,p100__16x16x16x16__c64__l2__trace-on
True,p100,89.0,16x16x16x16,2,steady,c64,0,2.2195544030109886,pyqcu,on,3.345283812830738e-07,p100__16x16x16x16__c64__l2__trace-on
True,p100,89.0,16x16x16x16,2,steady,c64,1,2.2117050060041947,pyqcu,on,3.345283812830738e-07,p100__16x16x16x16__c64__l2__trace-on
True,p100,89.0,16x16x16x16,2,steady,c64,2,2.1784436629968695,pyqcu,on,3.345283812830738e-07,p100__16x16x16x16__c64__l2__trace-on
True,p100,89.0,16x16x16x16,2,steady,c64,3,2.216562605011859,pyqcu,on,3.345283812830738e-07,p100__16x16x16x16__c64__l2__trace-on
True,p100,89.0,16x16x16x16,2,steady,c64,4,2.2028762370027835,pyqcu,on,3.345283812830738e-07,p100__16x16x16x16__c64__l2__trace-on
True,p100,63.0,16x16x16x16,2,cold,c64,0,1.1288838040054543,quda,on,6.974590243719273e-07,p100__16x16x16x16__c64__l2__trace-on
True,p100,63.0,16x16x16x16,2,warmup,c64,0,1.1395257499971194,quda,on,6.974590243719273e-07,p100__16x16x16x16__c64__l2__trace-on
True,p100,63.0,16x16x16x16,2,warmup,c64,1,0.5367323129903525,quda,on,6.974590243719273e-07,p100__16x16x16x16__c64__l2__trace-on
True,p100,63.0,16x16x16x16,2,steady,c64,0,0.5272762359963963,quda,on,6.974590243719273e-07,p100__16x16x16x16__c64__l2__trace-on
True,p100,63.0,16x16x16x16,2,steady,c64,1,0.5317175059899455,quda,on,6.974590243719273e-07,p100__16x16x16x16__c64__l2__trace-on
True,p100,63.0,16x16x16x16,2,steady,c64,2,0.5982610619976185,quda,on,6.974590243719273e-07,p100__16x16x16x16__c64__l2__trace-on
True,p100,63.0,16x16x16x16,2,steady,c64,3,0.5317124060093192,quda,on,6.974590243719273e-07,p100__16x16x16x16__c64__l2__trace-on
True,p100,63.0,16x16x16x16,2,steady,c64,4,0.5221864260092843,quda,on,6.974590243719273e-07,p100__16x16x16x16__c64__l2__trace-on
True,p100,89.0,16x16x16x16,3,cold,c64,0,1.2478691120049916,pyqcu,off,3.345283812830738e-07,p100__16x16x16x16__c64__l3__trace-off
True,p100,89.0,16x16x16x16,3,warmup,c64,0,1.277341170993168,pyqcu,off,3.345283812830738e-07,p100__16x16x16x16__c64__l3__trace-off
True,p100,89.0,16x16x16x16,3,warmup,c64,1,1.329213720993721,pyqcu,off,3.345283812830738e-07,p100__16x16x16x16__c64__l3__trace-off
True,p100,89.0,16x16x16x16,3,steady,c64,0,1.2475058589916443,pyqcu,off,3.345283812830738e-07,p100__16x16x16x16__c64__l3__trace-off
True,p100,89.0,16x16x16x16,3,steady,c64,1,1.2406326420023106,pyqcu,off,3.345283812830738e-07,p100__16x16x16x16__c64__l3__trace-off
True,p100,89.0,16x16x16x16,3,steady,c64,2,1.2645239929988747,pyqcu,off,3.345283812830738e-07,p100__16x16x16x16__c64__l3__trace-off
True,p100,89.0,16x16x16x16,3,steady,c64,3,1.2640146229969105,pyqcu,off,3.345283812830738e-07,p100__16x16x16x16__c64__l3__trace-off
True,p100,89.0,16x16x16x16,3,steady,c64,4,1.254800372000318,pyqcu,off,3.345283812830738e-07,p100__16x16x16x16__c64__l3__trace-off
True,p100,63.0,16x16x16x16,3,cold,c64,0,1.1404722499864874,quda,off,6.974590243719273e-07,p100__16x16x16x16__c64__l3__trace-off
True,p100,63.0,16x16x16x16,3,warmup,c64,0,1.1252369790017838,quda,off,6.974590243719273e-07,p100__16x16x16x16__c64__l3__trace-off
True,p100,63.0,16x16x16x16,3,warmup,c64,1,0.5159505440096837,quda,off,6.974590243719273e-07,p100__16x16x16x16__c64__l3__trace-off
True,p100,63.0,16x16x16x16,3,steady,c64,0,0.524342037999304,quda,off,6.974590243719273e-07,p100__16x16x16x16__c64__l3__trace-off
True,p100,63.0,16x16x16x16,3,steady,c64,1,0.5146847700088983,quda,off,6.974590243719273e-07,p100__16x16x16x16__c64__l3__trace-off
True,p100,63.0,16x16x16x16,3,steady,c64,2,0.5131148779910291,quda,off,6.974590243719273e-07,p100__16x16x16x16__c64__l3__trace-off
True,p100,63.0,16x16x16x16,3,steady,c64,3,0.520449108997127,quda,off,6.974590243719273e-07,p100__16x16x16x16__c64__l3__trace-off
True,p100,63.0,16x16x16x16,3,steady,c64,4,0.5349302329996135,quda,off,6.974590243719273e-07,p100__16x16x16x16__c64__l3__trace-off
True,p100,89.0,16x16x16x16,3,cold,c64,0,2.234486418994493,pyqcu,on,3.345283812830738e-07,p100__16x16x16x16__c64__l3__trace-on
True,p100,89.0,16x16x16x16,3,warmup,c64,0,2.234064873002353,pyqcu,on,3.345283812830738e-07,p100__16x16x16x16__c64__l3__trace-on
True,p100,89.0,16x16x16x16,3,warmup,c64,1,2.2548741969949333,pyqcu,on,3.345283812830738e-07,p100__16x16x16x16__c64__l3__trace-on
True,p100,89.0,16x16x16x16,3,steady,c64,0,2.2165944559965283,pyqcu,on,3.345283812830738e-07,p100__16x16x16x16__c64__l3__trace-on
True,p100,89.0,16x16x16x16,3,steady,c64,1,2.2141178229940124,pyqcu,on,3.345283812830738e-07,p100__16x16x16x16__c64__l3__trace-on
True,p100,89.0,16x16x16x16,3,steady,c64,2,2.216995718990802,pyqcu,on,3.345283812830738e-07,p100__16x16x16x16__c64__l3__trace-on
True,p100,89.0,16x16x16x16,3,steady,c64,3,2.1808866890060017,pyqcu,on,3.345283812830738e-07,p100__16x16x16x16__c64__l3__trace-on
True,p100,89.0,16x16x16x16,3,steady,c64,4,2.230078904001857,pyqcu,on,3.345283812830738e-07,p100__16x16x16x16__c64__l3__trace-on
True,p100,63.0,16x16x16x16,3,cold,c64,0,1.086281019001035,quda,on,6.974590243719273e-07,p100__16x16x16x16__c64__l3__trace-on
True,p100,63.0,16x16x16x16,3,warmup,c64,0,1.0917121650127228,quda,on,6.974590243719273e-07,p100__16x16x16x16__c64__l3__trace-on
True,p100,63.0,16x16x16x16,3,warmup,c64,1,0.5248128649982391,quda,on,6.974590243719273e-07,p100__16x16x16x16__c64__l3__trace-on
True,p100,63.0,16x16x16x16,3,steady,c64,0,0.519102334001218,quda,on,6.974590243719273e-07,p100__16x16x16x16__c64__l3__trace-on
True,p100,63.0,16x16x16x16,3,steady,c64,1,0.5256338129984215,quda,on,6.974590243719273e-07,p100__16x16x16x16__c64__l3__trace-on
True,p100,63.0,16x16x16x16,3,steady,c64,2,0.5094480760017177,quda,on,6.974590243719273e-07,p100__16x16x16x16__c64__l3__trace-on
True,p100,63.0,16x16x16x16,3,steady,c64,3,0.5277619569969829,quda,on,6.974590243719273e-07,p100__16x16x16x16__c64__l3__trace-on
True,p100,63.0,16x16x16x16,3,steady,c64,4,0.526969509999617,quda,on,6.974590243719273e-07,p100__16x16x16x16__c64__l3__trace-on
True,p100,143.0,16x16x32x32,1,cold,c128,0,7.656052956997883,pyqcu,off,1.676727436827923e-08,p100__16x16x32x32__c128__l1__trace-off
True,p100,143.0,16x16x32x32,1,warmup,c128,0,7.597765530008473,pyqcu,off,1.676727436827923e-08,p100__16x16x32x32__c128__l1__trace-off
True,p100,143.0,16x16x32x32,1,warmup,c128,1,7.614938591999817,pyqcu,off,1.676727436827923e-08,p100__16x16x32x32__c128__l1__trace-off
True,p100,143.0,16x16x32x32,1,steady,c128,0,7.6092082079994725,pyqcu,off,1.676727436827923e-08,p100__16x16x32x32__c128__l1__trace-off
True,p100,143.0,16x16x32x32,1,steady,c128,1,7.552831773005892,pyqcu,off,1.676727436827923e-08,p100__16x16x32x32__c128__l1__trace-off
True,p100,143.0,16x16x32x32,1,steady,c128,2,7.512032240003464,pyqcu,off,1.676727436827923e-08,p100__16x16x32x32__c128__l1__trace-off
True,p100,143.0,16x16x32x32,1,steady,c128,3,7.605618834000779,pyqcu,off,1.676727436827923e-08,p100__16x16x32x32__c128__l1__trace-off
True,p100,143.0,16x16x32x32,1,steady,c128,4,7.650220084004104,pyqcu,off,1.676727436827923e-08,p100__16x16x32x32__c128__l1__trace-off
True,p100,102.0,16x16x32x32,1,cold,c128,0,3.303264146001311,quda,off,1.7794279593179502e-08,p100__16x16x32x32__c128__l1__trace-off
True,p100,102.0,16x16x32x32,1,warmup,c128,0,3.379235194006469,quda,off,1.7794279593179502e-08,p100__16x16x32x32__c128__l1__trace-off
True,p100,102.0,16x16x32x32,1,warmup,c128,1,3.3442371480050497,quda,off,1.7794279593179502e-08,p100__16x16x32x32__c128__l1__trace-off
True,p100,102.0,16x16x32x32,1,steady,c128,0,3.322609990995261,quda,off,1.7794279593179502e-08,p100__16x16x32x32__c128__l1__trace-off
True,p100,102.0,16x16x32x32,1,steady,c128,1,3.2706670539919287,quda,off,1.7794279593179502e-08,p100__16x16x32x32__c128__l1__trace-off
True,p100,102.0,16x16x32x32,1,steady,c128,2,3.2965158199949656,quda,off,1.7794279593179502e-08,p100__16x16x32x32__c128__l1__trace-off
True,p100,102.0,16x16x32x32,1,steady,c128,3,3.291252886992879,quda,off,1.7794279593179502e-08,p100__16x16x32x32__c128__l1__trace-off
True,p100,102.0,16x16x32x32,1,steady,c128,4,3.343847709009424,quda,off,1.7794279593179502e-08,p100__16x16x32x32__c128__l1__trace-off
True,p100,143.0,16x16x32x32,1,cold,c128,0,7.5474605670024175,pyqcu,on,1.676727436827923e-08,p100__16x16x32x32__c128__l1__trace-on
True,p100,143.0,16x16x32x32,1,warmup,c128,0,7.5879827280004974,pyqcu,on,1.676727436827923e-08,p100__16x16x32x32__c128__l1__trace-on
True,p100,143.0,16x16x32x32,1,warmup,c128,1,7.5530154059961205,pyqcu,on,1.676727436827923e-08,p100__16x16x32x32__c128__l1__trace-on
True,p100,143.0,16x16x32x32,1,steady,c128,0,7.6554606090066954,pyqcu,on,1.676727436827923e-08,p100__16x16x32x32__c128__l1__trace-on
True,p100,143.0,16x16x32x32,1,steady,c128,1,7.60609400300018,pyqcu,on,1.676727436827923e-08,p100__16x16x32x32__c128__l1__trace-on
True,p100,143.0,16x16x32x32,1,steady,c128,2,7.615204397996422,pyqcu,on,1.676727436827923e-08,p100__16x16x32x32__c128__l1__trace-on
True,p100,143.0,16x16x32x32,1,steady,c128,3,7.579276624994236,pyqcu,on,1.676727436827923e-08,p100__16x16x32x32__c128__l1__trace-on
True,p100,143.0,16x16x32x32,1,steady,c128,4,7.552364849994774,pyqcu,on,1.676727436827923e-08,p100__16x16x32x32__c128__l1__trace-on
True,p100,102.0,16x16x32x32,1,cold,c128,0,3.445489578996785,quda,on,1.7794279593179502e-08,p100__16x16x32x32__c128__l1__trace-on
True,p100,102.0,16x16x32x32,1,warmup,c128,0,3.3689990089915227,quda,on,1.7794279593179502e-08,p100__16x16x32x32__c128__l1__trace-on
True,p100,102.0,16x16x32x32,1,warmup,c128,1,3.309731561996159,quda,on,1.7794279593179502e-08,p100__16x16x32x32__c128__l1__trace-on
True,p100,102.0,16x16x32x32,1,steady,c128,0,3.333847047004383,quda,on,1.7794279593179502e-08,p100__16x16x32x32__c128__l1__trace-on
True,p100,102.0,16x16x32x32,1,steady,c128,1,3.336652664002031,quda,on,1.7794279593179502e-08,p100__16x16x32x32__c128__l1__trace-on
True,p100,102.0,16x16x32x32,1,steady,c128,2,3.2852248290000716,quda,on,1.7794279593179502e-08,p100__16x16x32x32__c128__l1__trace-on
True,p100,102.0,16x16x32x32,1,steady,c128,3,3.3110250710014952,quda,on,1.7794279593179502e-08,p100__16x16x32x32__c128__l1__trace-on
True,p100,102.0,16x16x32x32,1,steady,c128,4,3.3492123299947707,quda,on,1.7794279593179502e-08,p100__16x16x32x32__c128__l1__trace-on
True,p100,143.0,16x16x32x32,2,cold,c128,0,7.656052956997883,pyqcu,off,1.676727436827923e-08,p100__16x16x32x32__c128__l2__trace-off
True,p100,143.0,16x16x32x32,2,warmup,c128,0,7.597765530008473,pyqcu,off,1.676727436827923e-08,p100__16x16x32x32__c128__l2__trace-off
True,p100,143.0,16x16x32x32,2,warmup,c128,1,7.614938591999817,pyqcu,off,1.676727436827923e-08,p100__16x16x32x32__c128__l2__trace-off
True,p100,143.0,16x16x32x32,2,steady,c128,0,7.6092082079994725,pyqcu,off,1.676727436827923e-08,p100__16x16x32x32__c128__l2__trace-off
True,p100,143.0,16x16x32x32,2,steady,c128,1,7.552831773005892,pyqcu,off,1.676727436827923e-08,p100__16x16x32x32__c128__l2__trace-off
True,p100,143.0,16x16x32x32,2,steady,c128,2,7.512032240003464,pyqcu,off,1.676727436827923e-08,p100__16x16x32x32__c128__l2__trace-off
True,p100,143.0,16x16x32x32,2,steady,c128,3,7.605618834000779,pyqcu,off,1.676727436827923e-08,p100__16x16x32x32__c128__l2__trace-off
True,p100,143.0,16x16x32x32,2,steady,c128,4,7.650220084004104,pyqcu,off,1.676727436827923e-08,p100__16x16x32x32__c128__l2__trace-off
True,p100,102.0,16x16x32x32,2,cold,c128,0,3.303264146001311,quda,off,1.7794279593179502e-08,p100__16x16x32x32__c128__l2__trace-off
True,p100,102.0,16x16x32x32,2,warmup,c128,0,3.379235194006469,quda,off,1.7794279593179502e-08,p100__16x16x32x32__c128__l2__trace-off
True,p100,102.0,16x16x32x32,2,warmup,c128,1,3.3442371480050497,quda,off,1.7794279593179502e-08,p100__16x16x32x32__c128__l2__trace-off
True,p100,102.0,16x16x32x32,2,steady,c128,0,3.322609990995261,quda,off,1.7794279593179502e-08,p100__16x16x32x32__c128__l2__trace-off
True,p100,102.0,16x16x32x32,2,steady,c128,1,3.2706670539919287,quda,off,1.7794279593179502e-08,p100__16x16x32x32__c128__l2__trace-off
True,p100,102.0,16x16x32x32,2,steady,c128,2,3.2965158199949656,quda,off,1.7794279593179502e-08,p100__16x16x32x32__c128__l2__trace-off
True,p100,102.0,16x16x32x32,2,steady,c128,3,3.291252886992879,quda,off,1.7794279593179502e-08,p100__16x16x32x32__c128__l2__trace-off
True,p100,102.0,16x16x32x32,2,steady,c128,4,3.343847709009424,quda,off,1.7794279593179502e-08,p100__16x16x32x32__c128__l2__trace-off
True,p100,143.0,16x16x32x32,2,cold,c128,0,7.5474605670024175,pyqcu,on,1.676727436827923e-08,p100__16x16x32x32__c128__l2__trace-on
True,p100,143.0,16x16x32x32,2,warmup,c128,0,7.5879827280004974,pyqcu,on,1.676727436827923e-08,p100__16x16x32x32__c128__l2__trace-on
True,p100,143.0,16x16x32x32,2,warmup,c128,1,7.5530154059961205,pyqcu,on,1.676727436827923e-08,p100__16x16x32x32__c128__l2__trace-on
True,p100,143.0,16x16x32x32,2,steady,c128,0,7.6554606090066954,pyqcu,on,1.676727436827923e-08,p100__16x16x32x32__c128__l2__trace-on
True,p100,143.0,16x16x32x32,2,steady,c128,1,7.60609400300018,pyqcu,on,1.676727436827923e-08,p100__16x16x32x32__c128__l2__trace-on
True,p100,143.0,16x16x32x32,2,steady,c128,2,7.615204397996422,pyqcu,on,1.676727436827923e-08,p100__16x16x32x32__c128__l2__trace-on
True,p100,143.0,16x16x32x32,2,steady,c128,3,7.579276624994236,pyqcu,on,1.676727436827923e-08,p100__16x16x32x32__c128__l2__trace-on
True,p100,143.0,16x16x32x32,2,steady,c128,4,7.552364849994774,pyqcu,on,1.676727436827923e-08,p100__16x16x32x32__c128__l2__trace-on
True,p100,102.0,16x16x32x32,2,cold,c128,0,3.445489578996785,quda,on,1.7794279593179502e-08,p100__16x16x32x32__c128__l2__trace-on
True,p100,102.0,16x16x32x32,2,warmup,c128,0,3.3689990089915227,quda,on,1.7794279593179502e-08,p100__16x16x32x32__c128__l2__trace-on
True,p100,102.0,16x16x32x32,2,warmup,c128,1,3.309731561996159,quda,on,1.7794279593179502e-08,p100__16x16x32x32__c128__l2__trace-on
True,p100,102.0,16x16x32x32,2,steady,c128,0,3.333847047004383,quda,on,1.7794279593179502e-08,p100__16x16x32x32__c128__l2__trace-on
True,p100,102.0,16x16x32x32,2,steady,c128,1,3.336652664002031,quda,on,1.7794279593179502e-08,p100__16x16x32x32__c128__l2__trace-on
True,p100,102.0,16x16x32x32,2,steady,c128,2,3.2852248290000716,quda,on,1.7794279593179502e-08,p100__16x16x32x32__c128__l2__trace-on
True,p100,102.0,16x16x32x32,2,steady,c128,3,3.3110250710014952,quda,on,1.7794279593179502e-08,p100__16x16x32x32__c128__l2__trace-on
True,p100,102.0,16x16x32x32,2,steady,c128,4,3.3492123299947707,quda,on,1.7794279593179502e-08,p100__16x16x32x32__c128__l2__trace-on
True,p100,143.0,16x16x32x32,3,cold,c128,0,7.512436540011549,pyqcu,off,1.676727436827923e-08,p100__16x16x32x32__c128__l3__trace-off
True,p100,143.0,16x16x32x32,3,warmup,c128,0,7.539596520000487,pyqcu,off,1.676727436827923e-08,p100__16x16x32x32__c128__l3__trace-off
True,p100,143.0,16x16x32x32,3,warmup,c128,1,7.667014723003376,pyqcu,off,1.676727436827923e-08,p100__16x16x32x32__c128__l3__trace-off
True,p100,143.0,16x16x32x32,3,steady,c128,0,7.692860836003092,pyqcu,off,1.676727436827923e-08,p100__16x16x32x32__c128__l3__trace-off
True,p100,143.0,16x16x32x32,3,steady,c128,1,7.721259104000637,pyqcu,off,1.676727436827923e-08,p100__16x16x32x32__c128__l3__trace-off
True,p100,143.0,16x16x32x32,3,steady,c128,2,7.6113060810021125,pyqcu,off,1.676727436827923e-08,p100__16x16x32x32__c128__l3__trace-off
True,p100,143.0,16x16x32x32,3,steady,c128,3,7.586078605003422,pyqcu,off,1.676727436827923e-08,p100__16x16x32x32__c128__l3__trace-off
True,p100,143.0,16x16x32x32,3,steady,c128,4,7.630246465996606,pyqcu,off,1.676727436827923e-08,p100__16x16x32x32__c128__l3__trace-off
True,p100,102.0,16x16x32x32,3,cold,c128,0,3.3117764810012886,quda,off,1.7794279593179502e-08,p100__16x16x32x32__c128__l3__trace-off
True,p100,102.0,16x16x32x32,3,warmup,c128,0,3.330197347997455,quda,off,1.7794279593179502e-08,p100__16x16x32x32__c128__l3__trace-off
True,p100,102.0,16x16x32x32,3,warmup,c128,1,3.2850217619998148,quda,off,1.7794279593179502e-08,p100__16x16x32x32__c128__l3__trace-off
True,p100,102.0,16x16x32x32,3,steady,c128,0,3.2293961300019873,quda,off,1.7794279593179502e-08,p100__16x16x32x32__c128__l3__trace-off
True,p100,102.0,16x16x32x32,3,steady,c128,1,3.338914362990181,quda,off,1.7794279593179502e-08,p100__16x16x32x32__c128__l3__trace-off
True,p100,102.0,16x16x32x32,3,steady,c128,2,3.28532860300038,quda,off,1.7794279593179502e-08,p100__16x16x32x32__c128__l3__trace-off
True,p100,102.0,16x16x32x32,3,steady,c128,3,3.335659094998846,quda,off,1.7794279593179502e-08,p100__16x16x32x32__c128__l3__trace-off
True,p100,102.0,16x16x32x32,3,steady,c128,4,3.295878228993388,quda,off,1.7794279593179502e-08,p100__16x16x32x32__c128__l3__trace-off
True,p100,143.0,16x16x32x32,3,cold,c128,0,7.467124696995597,pyqcu,on,1.676727436827923e-08,p100__16x16x32x32__c128__l3__trace-on
True,p100,143.0,16x16x32x32,3,warmup,c128,0,7.616774237001664,pyqcu,on,1.676727436827923e-08,p100__16x16x32x32__c128__l3__trace-on
True,p100,143.0,16x16x32x32,3,warmup,c128,1,7.585361981997266,pyqcu,on,1.676727436827923e-08,p100__16x16x32x32__c128__l3__trace-on
True,p100,143.0,16x16x32x32,3,steady,c128,0,7.674507247007568,pyqcu,on,1.676727436827923e-08,p100__16x16x32x32__c128__l3__trace-on
True,p100,143.0,16x16x32x32,3,steady,c128,1,7.647117614003946,pyqcu,on,1.676727436827923e-08,p100__16x16x32x32__c128__l3__trace-on
True,p100,143.0,16x16x32x32,3,steady,c128,2,7.567669662996195,pyqcu,on,1.676727436827923e-08,p100__16x16x32x32__c128__l3__trace-on
True,p100,143.0,16x16x32x32,3,steady,c128,3,7.6373856169957435,pyqcu,on,1.676727436827923e-08,p100__16x16x32x32__c128__l3__trace-on
True,p100,143.0,16x16x32x32,3,steady,c128,4,7.701118659009808,pyqcu,on,1.676727436827923e-08,p100__16x16x32x32__c128__l3__trace-on
True,p100,102.0,16x16x32x32,3,cold,c128,0,3.3485231890081195,quda,on,1.7794279593179502e-08,p100__16x16x32x32__c128__l3__trace-on
True,p100,102.0,16x16x32x32,3,warmup,c128,0,3.302246716004447,quda,on,1.7794279593179502e-08,p100__16x16x32x32__c128__l3__trace-on
True,p100,102.0,16x16x32x32,3,warmup,c128,1,3.309577451000223,quda,on,1.7794279593179502e-08,p100__16x16x32x32__c128__l3__trace-on
True,p100,102.0,16x16x32x32,3,steady,c128,0,3.298118805992999,quda,on,1.7794279593179502e-08,p100__16x16x32x32__c128__l3__trace-on
True,p100,102.0,16x16x32x32,3,steady,c128,1,3.279487784995581,quda,on,1.7794279593179502e-08,p100__16x16x32x32__c128__l3__trace-on
True,p100,102.0,16x16x32x32,3,steady,c128,2,3.3220026639901334,quda,on,1.7794279593179502e-08,p100__16x16x32x32__c128__l3__trace-on
True,p100,102.0,16x16x32x32,3,steady,c128,3,3.293686375996913,quda,on,1.7794279593179502e-08,p100__16x16x32x32__c128__l3__trace-on
True,p100,102.0,16x16x32x32,3,steady,c128,4,3.3190357700077584,quda,on,1.7794279593179502e-08,p100__16x16x32x32__c128__l3__trace-on
True,p100,123.0,8x8x8x16,1,cold,c128,0,2.865386884994223,pyqcu,off,1.727475711483899e-08,p100__8x8x8x16__c128__l1__trace-off
True,p100,123.0,8x8x8x16,1,warmup,c128,0,3.0650601730012568,pyqcu,off,1.727475711483899e-08,p100__8x8x8x16__c128__l1__trace-off
True,p100,123.0,8x8x8x16,1,warmup,c128,1,2.952703778995783,pyqcu,off,1.727475711483899e-08,p100__8x8x8x16__c128__l1__trace-off
True,p100,123.0,8x8x8x16,1,steady,c128,0,2.919802485004766,pyqcu,off,1.727475711483899e-08,p100__8x8x8x16__c128__l1__trace-off
True,p100,123.0,8x8x8x16,1,steady,c128,1,2.916126347001409,pyqcu,off,1.727475711483899e-08,p100__8x8x8x16__c128__l1__trace-off
True,p100,123.0,8x8x8x16,1,steady,c128,2,2.8532228029944235,pyqcu,off,1.727475711483899e-08,p100__8x8x8x16__c128__l1__trace-off
True,p100,123.0,8x8x8x16,1,steady,c128,3,2.9527344530069968,pyqcu,off,1.727475711483899e-08,p100__8x8x8x16__c128__l1__trace-off
True,p100,123.0,8x8x8x16,1,steady,c128,4,2.9696957709966227,pyqcu,off,1.727475711483899e-08,p100__8x8x8x16__c128__l1__trace-off
True,p100,93.0,8x8x8x16,1,cold,c128,0,0.6650782969954889,quda,off,1.8037317946207714e-08,p100__8x8x8x16__c128__l1__trace-off
True,p100,93.0,8x8x8x16,1,warmup,c128,0,0.6830537170026219,quda,off,1.8037317946207714e-08,p100__8x8x8x16__c128__l1__trace-off
True,p100,93.0,8x8x8x16,1,warmup,c128,1,0.6553635029995348,quda,off,1.8037317946207714e-08,p100__8x8x8x16__c128__l1__trace-off
True,p100,93.0,8x8x8x16,1,steady,c128,0,0.6668553729978157,quda,off,1.8037317946207714e-08,p100__8x8x8x16__c128__l1__trace-off
True,p100,93.0,8x8x8x16,1,steady,c128,1,0.6720005730021512,quda,off,1.8037317946207714e-08,p100__8x8x8x16__c128__l1__trace-off
True,p100,93.0,8x8x8x16,1,steady,c128,2,0.6215404309914447,quda,off,1.8037317946207714e-08,p100__8x8x8x16__c128__l1__trace-off
True,p100,93.0,8x8x8x16,1,steady,c128,3,0.6881455130060203,quda,off,1.8037317946207714e-08,p100__8x8x8x16__c128__l1__trace-off
True,p100,93.0,8x8x8x16,1,steady,c128,4,0.6531623740011128,quda,off,1.8037317946207714e-08,p100__8x8x8x16__c128__l1__trace-off
True,p100,123.0,8x8x8x16,1,cold,c128,0,2.9009549809998134,pyqcu,on,1.727475711483899e-08,p100__8x8x8x16__c128__l1__trace-on
True,p100,123.0,8x8x8x16,1,warmup,c128,0,2.8690645570022753,pyqcu,on,1.727475711483899e-08,p100__8x8x8x16__c128__l1__trace-on
True,p100,123.0,8x8x8x16,1,warmup,c128,1,2.83560243199463,pyqcu,on,1.727475711483899e-08,p100__8x8x8x16__c128__l1__trace-on
True,p100,123.0,8x8x8x16,1,steady,c128,0,2.9028566789929755,pyqcu,on,1.727475711483899e-08,p100__8x8x8x16__c128__l1__trace-on
True,p100,123.0,8x8x8x16,1,steady,c128,1,2.8865327349922154,pyqcu,on,1.727475711483899e-08,p100__8x8x8x16__c128__l1__trace-on
True,p100,123.0,8x8x8x16,1,steady,c128,2,2.9464916520082625,pyqcu,on,1.727475711483899e-08,p100__8x8x8x16__c128__l1__trace-on
True,p100,123.0,8x8x8x16,1,steady,c128,3,2.939091667009052,pyqcu,on,1.727475711483899e-08,p100__8x8x8x16__c128__l1__trace-on
True,p100,123.0,8x8x8x16,1,steady,c128,4,2.9199315320001915,pyqcu,on,1.727475711483899e-08,p100__8x8x8x16__c128__l1__trace-on
True,p100,93.0,8x8x8x16,1,cold,c128,0,0.6818421599891735,quda,on,1.8037317946207714e-08,p100__8x8x8x16__c128__l1__trace-on
True,p100,93.0,8x8x8x16,1,warmup,c128,0,0.7055276390019571,quda,on,1.8037317946207714e-08,p100__8x8x8x16__c128__l1__trace-on
True,p100,93.0,8x8x8x16,1,warmup,c128,1,0.6599269279977307,quda,on,1.8037317946207714e-08,p100__8x8x8x16__c128__l1__trace-on
True,p100,93.0,8x8x8x16,1,steady,c128,0,0.7006825470016338,quda,on,1.8037317946207714e-08,p100__8x8x8x16__c128__l1__trace-on
True,p100,93.0,8x8x8x16,1,steady,c128,1,0.6711416909965919,quda,on,1.8037317946207714e-08,p100__8x8x8x16__c128__l1__trace-on
True,p100,93.0,8x8x8x16,1,steady,c128,2,0.707137130011688,quda,on,1.8037317946207714e-08,p100__8x8x8x16__c128__l1__trace-on
True,p100,93.0,8x8x8x16,1,steady,c128,3,0.6905952469969634,quda,on,1.8037317946207714e-08,p100__8x8x8x16__c128__l1__trace-on
True,p100,93.0,8x8x8x16,1,steady,c128,4,0.7128469699964626,quda,on,1.8037317946207714e-08,p100__8x8x8x16__c128__l1__trace-on
True,p100,123.0,8x8x8x16,2,cold,c128,0,2.865386884994223,pyqcu,off,1.727475711483899e-08,p100__8x8x8x16__c128__l2__trace-off
True,p100,123.0,8x8x8x16,2,warmup,c128,0,3.0650601730012568,pyqcu,off,1.727475711483899e-08,p100__8x8x8x16__c128__l2__trace-off
True,p100,123.0,8x8x8x16,2,warmup,c128,1,2.952703778995783,pyqcu,off,1.727475711483899e-08,p100__8x8x8x16__c128__l2__trace-off
True,p100,123.0,8x8x8x16,2,steady,c128,0,2.919802485004766,pyqcu,off,1.727475711483899e-08,p100__8x8x8x16__c128__l2__trace-off
True,p100,123.0,8x8x8x16,2,steady,c128,1,2.916126347001409,pyqcu,off,1.727475711483899e-08,p100__8x8x8x16__c128__l2__trace-off
True,p100,123.0,8x8x8x16,2,steady,c128,2,2.8532228029944235,pyqcu,off,1.727475711483899e-08,p100__8x8x8x16__c128__l2__trace-off
True,p100,123.0,8x8x8x16,2,steady,c128,3,2.9527344530069968,pyqcu,off,1.727475711483899e-08,p100__8x8x8x16__c128__l2__trace-off
True,p100,123.0,8x8x8x16,2,steady,c128,4,2.9696957709966227,pyqcu,off,1.727475711483899e-08,p100__8x8x8x16__c128__l2__trace-off
True,p100,93.0,8x8x8x16,2,cold,c128,0,0.6650782969954889,quda,off,1.8037317946207714e-08,p100__8x8x8x16__c128__l2__trace-off
True,p100,93.0,8x8x8x16,2,warmup,c128,0,0.6830537170026219,quda,off,1.8037317946207714e-08,p100__8x8x8x16__c128__l2__trace-off
True,p100,93.0,8x8x8x16,2,warmup,c128,1,0.6553635029995348,quda,off,1.8037317946207714e-08,p100__8x8x8x16__c128__l2__trace-off
True,p100,93.0,8x8x8x16,2,steady,c128,0,0.6668553729978157,quda,off,1.8037317946207714e-08,p100__8x8x8x16__c128__l2__trace-off
True,p100,93.0,8x8x8x16,2,steady,c128,1,0.6720005730021512,quda,off,1.8037317946207714e-08,p100__8x8x8x16__c128__l2__trace-off
True,p100,93.0,8x8x8x16,2,steady,c128,2,0.6215404309914447,quda,off,1.8037317946207714e-08,p100__8x8x8x16__c128__l2__trace-off
True,p100,93.0,8x8x8x16,2,steady,c128,3,0.6881455130060203,quda,off,1.8037317946207714e-08,p100__8x8x8x16__c128__l2__trace-off
True,p100,93.0,8x8x8x16,2,steady,c128,4,0.6531623740011128,quda,off,1.8037317946207714e-08,p100__8x8x8x16__c128__l2__trace-off
True,p100,123.0,8x8x8x16,2,cold,c128,0,2.9009549809998134,pyqcu,on,1.727475711483899e-08,p100__8x8x8x16__c128__l2__trace-on
True,p100,123.0,8x8x8x16,2,warmup,c128,0,2.8690645570022753,pyqcu,on,1.727475711483899e-08,p100__8x8x8x16__c128__l2__trace-on
True,p100,123.0,8x8x8x16,2,warmup,c128,1,2.83560243199463,pyqcu,on,1.727475711483899e-08,p100__8x8x8x16__c128__l2__trace-on
True,p100,123.0,8x8x8x16,2,steady,c128,0,2.9028566789929755,pyqcu,on,1.727475711483899e-08,p100__8x8x8x16__c128__l2__trace-on
True,p100,123.0,8x8x8x16,2,steady,c128,1,2.8865327349922154,pyqcu,on,1.727475711483899e-08,p100__8x8x8x16__c128__l2__trace-on
True,p100,123.0,8x8x8x16,2,steady,c128,2,2.9464916520082625,pyqcu,on,1.727475711483899e-08,p100__8x8x8x16__c128__l2__trace-on
True,p100,123.0,8x8x8x16,2,steady,c128,3,2.939091667009052,pyqcu,on,1.727475711483899e-08,p100__8x8x8x16__c128__l2__trace-on
True,p100,123.0,8x8x8x16,2,steady,c128,4,2.9199315320001915,pyqcu,on,1.727475711483899e-08,p100__8x8x8x16__c128__l2__trace-on
True,p100,93.0,8x8x8x16,2,cold,c128,0,0.6818421599891735,quda,on,1.8037317946207714e-08,p100__8x8x8x16__c128__l2__trace-on
True,p100,93.0,8x8x8x16,2,warmup,c128,0,0.7055276390019571,quda,on,1.8037317946207714e-08,p100__8x8x8x16__c128__l2__trace-on
True,p100,93.0,8x8x8x16,2,warmup,c128,1,0.6599269279977307,quda,on,1.8037317946207714e-08,p100__8x8x8x16__c128__l2__trace-on
True,p100,93.0,8x8x8x16,2,steady,c128,0,0.7006825470016338,quda,on,1.8037317946207714e-08,p100__8x8x8x16__c128__l2__trace-on
True,p100,93.0,8x8x8x16,2,steady,c128,1,0.6711416909965919,quda,on,1.8037317946207714e-08,p100__8x8x8x16__c128__l2__trace-on
True,p100,93.0,8x8x8x16,2,steady,c128,2,0.707137130011688,quda,on,1.8037317946207714e-08,p100__8x8x8x16__c128__l2__trace-on
True,p100,93.0,8x8x8x16,2,steady,c128,3,0.6905952469969634,quda,on,1.8037317946207714e-08,p100__8x8x8x16__c128__l2__trace-on
True,p100,93.0,8x8x8x16,2,steady,c128,4,0.7128469699964626,quda,on,1.8037317946207714e-08,p100__8x8x8x16__c128__l2__trace-on
True,p100,123.0,8x8x8x16,3,cold,c128,0,3.014343988004839,pyqcu,off,1.727475711483899e-08,p100__8x8x8x16__c128__l3__trace-off
True,p100,123.0,8x8x8x16,3,warmup,c128,0,3.0828038409963483,pyqcu,off,1.727475711483899e-08,p100__8x8x8x16__c128__l3__trace-off
True,p100,123.0,8x8x8x16,3,warmup,c128,1,2.929558050003834,pyqcu,off,1.727475711483899e-08,p100__8x8x8x16__c128__l3__trace-off
True,p100,123.0,8x8x8x16,3,steady,c128,0,2.852499638000154,pyqcu,off,1.727475711483899e-08,p100__8x8x8x16__c128__l3__trace-off
True,p100,123.0,8x8x8x16,3,steady,c128,1,2.9366476440045517,pyqcu,off,1.727475711483899e-08,p100__8x8x8x16__c128__l3__trace-off
True,p100,123.0,8x8x8x16,3,steady,c128,2,2.8716349319875007,pyqcu,off,1.727475711483899e-08,p100__8x8x8x16__c128__l3__trace-off
True,p100,123.0,8x8x8x16,3,steady,c128,3,3.0312786150025204,pyqcu,off,1.727475711483899e-08,p100__8x8x8x16__c128__l3__trace-off
True,p100,123.0,8x8x8x16,3,steady,c128,4,2.938840157003142,pyqcu,off,1.727475711483899e-08,p100__8x8x8x16__c128__l3__trace-off
True,p100,93.0,8x8x8x16,3,cold,c128,0,0.6817000959999859,quda,off,1.8037317946207714e-08,p100__8x8x8x16__c128__l3__trace-off
True,p100,93.0,8x8x8x16,3,warmup,c128,0,0.6985201630013762,quda,off,1.8037317946207714e-08,p100__8x8x8x16__c128__l3__trace-off
True,p100,93.0,8x8x8x16,3,warmup,c128,1,0.6963456419907743,quda,off,1.8037317946207714e-08,p100__8x8x8x16__c128__l3__trace-off
True,p100,93.0,8x8x8x16,3,steady,c128,0,0.670779569001752,quda,off,1.8037317946207714e-08,p100__8x8x8x16__c128__l3__trace-off
True,p100,93.0,8x8x8x16,3,steady,c128,1,0.7219639689865289,quda,off,1.8037317946207714e-08,p100__8x8x8x16__c128__l3__trace-off
True,p100,93.0,8x8x8x16,3,steady,c128,2,0.6580585749907186,quda,off,1.8037317946207714e-08,p100__8x8x8x16__c128__l3__trace-off
True,p100,93.0,8x8x8x16,3,steady,c128,3,0.7150166799983708,quda,off,1.8037317946207714e-08,p100__8x8x8x16__c128__l3__trace-off
True,p100,93.0,8x8x8x16,3,steady,c128,4,0.6704927489918191,quda,off,1.8037317946207714e-08,p100__8x8x8x16__c128__l3__trace-off
True,p100,123.0,8x8x8x16,3,cold,c128,0,2.9855902139970567,pyqcu,on,1.727475711483899e-08,p100__8x8x8x16__c128__l3__trace-on
True,p100,123.0,8x8x8x16,3,warmup,c128,0,2.962593657997786,pyqcu,on,1.727475711483899e-08,p100__8x8x8x16__c128__l3__trace-on
True,p100,123.0,8x8x8x16,3,warmup,c128,1,2.9649834919982823,pyqcu,on,1.727475711483899e-08,p100__8x8x8x16__c128__l3__trace-on
True,p100,123.0,8x8x8x16,3,steady,c128,0,3.058949780999683,pyqcu,on,1.727475711483899e-08,p100__8x8x8x16__c128__l3__trace-on
True,p100,123.0,8x8x8x16,3,steady,c128,1,2.963734872988425,pyqcu,on,1.727475711483899e-08,p100__8x8x8x16__c128__l3__trace-on
True,p100,123.0,8x8x8x16,3,steady,c128,2,2.9049474639905384,pyqcu,on,1.727475711483899e-08,p100__8x8x8x16__c128__l3__trace-on
True,p100,123.0,8x8x8x16,3,steady,c128,3,2.961660889995983,pyqcu,on,1.727475711483899e-08,p100__8x8x8x16__c128__l3__trace-on
True,p100,123.0,8x8x8x16,3,steady,c128,4,2.9514585050055757,pyqcu,on,1.727475711483899e-08,p100__8x8x8x16__c128__l3__trace-on
True,p100,93.0,8x8x8x16,3,cold,c128,0,0.694625507996534,quda,on,1.8037317946207714e-08,p100__8x8x8x16__c128__l3__trace-on
True,p100,93.0,8x8x8x16,3,warmup,c128,0,0.7856274530058727,quda,on,1.8037317946207714e-08,p100__8x8x8x16__c128__l3__trace-on
True,p100,93.0,8x8x8x16,3,warmup,c128,1,0.7022432239900809,quda,on,1.8037317946207714e-08,p100__8x8x8x16__c128__l3__trace-on
True,p100,93.0,8x8x8x16,3,steady,c128,0,0.6910672600060934,quda,on,1.8037317946207714e-08,p100__8x8x8x16__c128__l3__trace-on
True,p100,93.0,8x8x8x16,3,steady,c128,1,0.7117043860052945,quda,on,1.8037317946207714e-08,p100__8x8x8x16__c128__l3__trace-on
True,p100,93.0,8x8x8x16,3,steady,c128,2,0.8004688600049121,quda,on,1.8037317946207714e-08,p100__8x8x8x16__c128__l3__trace-on
True,p100,93.0,8x8x8x16,3,steady,c128,3,0.6941100410040235,quda,on,1.8037317946207714e-08,p100__8x8x8x16__c128__l3__trace-on
True,p100,93.0,8x8x8x16,3,steady,c128,4,0.6767874119977932,quda,on,1.8037317946207714e-08,p100__8x8x8x16__c128__l3__trace-on
True,p100,90.0,8x8x8x16,1,cold,c64,0,1.1328288869990502,pyqcu,off,3.7775181904828944e-07,p100__8x8x8x16__c64__l1__trace-off
True,p100,90.0,8x8x8x16,1,warmup,c64,0,1.1520241810067091,pyqcu,off,3.7775181904828944e-07,p100__8x8x8x16__c64__l1__trace-off
True,p100,90.0,8x8x8x16,1,warmup,c64,1,1.0983733409957495,pyqcu,off,3.7775181904828944e-07,p100__8x8x8x16__c64__l1__trace-off
True,p100,90.0,8x8x8x16,1,steady,c64,0,1.153902995007229,pyqcu,off,3.7775181904828944e-07,p100__8x8x8x16__c64__l1__trace-off
True,p100,90.0,8x8x8x16,1,steady,c64,1,1.1631219520058949,pyqcu,off,3.7775181904828944e-07,p100__8x8x8x16__c64__l1__trace-off
True,p100,90.0,8x8x8x16,1,steady,c64,2,1.1084501669974998,pyqcu,off,3.7775181904828944e-07,p100__8x8x8x16__c64__l1__trace-off
True,p100,90.0,8x8x8x16,1,steady,c64,3,1.1411684649938252,pyqcu,off,3.7775181904828944e-07,p100__8x8x8x16__c64__l1__trace-off
True,p100,90.0,8x8x8x16,1,steady,c64,4,1.1622182499995688,pyqcu,off,3.7775181904828944e-07,p100__8x8x8x16__c64__l1__trace-off
True,p100,68.0,8x8x8x16,1,cold,c64,0,0.5147115940053482,quda,off,4.6737457461390857e-07,p100__8x8x8x16__c64__l1__trace-off
True,p100,68.0,8x8x8x16,1,warmup,c64,0,0.5738439499982633,quda,off,4.6737457461390857e-07,p100__8x8x8x16__c64__l1__trace-off
True,p100,68.0,8x8x8x16,1,warmup,c64,1,0.2822845850023441,quda,off,4.6737457461390857e-07,p100__8x8x8x16__c64__l1__trace-off
True,p100,68.0,8x8x8x16,1,steady,c64,0,0.27724846900673583,quda,off,4.6737457461390857e-07,p100__8x8x8x16__c64__l1__trace-off
True,p100,68.0,8x8x8x16,1,steady,c64,1,0.27895747699949425,quda,off,4.6737457461390857e-07,p100__8x8x8x16__c64__l1__trace-off
True,p100,68.0,8x8x8x16,1,steady,c64,2,0.2763368120067753,quda,off,4.6737457461390857e-07,p100__8x8x8x16__c64__l1__trace-off
True,p100,68.0,8x8x8x16,1,steady,c64,3,0.3161899090046063,quda,off,4.6737457461390857e-07,p100__8x8x8x16__c64__l1__trace-off
True,p100,68.0,8x8x8x16,1,steady,c64,4,0.27125649400113616,quda,off,4.6737457461390857e-07,p100__8x8x8x16__c64__l1__trace-off
True,p100,90.0,8x8x8x16,1,cold,c64,0,1.209213524009101,pyqcu,on,3.7775181904828944e-07,p100__8x8x8x16__c64__l1__trace-on
True,p100,90.0,8x8x8x16,1,warmup,c64,0,1.1402931619959418,pyqcu,on,3.7775181904828944e-07,p100__8x8x8x16__c64__l1__trace-on
True,p100,90.0,8x8x8x16,1,warmup,c64,1,1.204980266003986,pyqcu,on,3.7775181904828944e-07,p100__8x8x8x16__c64__l1__trace-on
True,p100,90.0,8x8x8x16,1,steady,c64,0,1.1811257529916475,pyqcu,on,3.7775181904828944e-07,p100__8x8x8x16__c64__l1__trace-on
True,p100,90.0,8x8x8x16,1,steady,c64,1,1.1331176060048165,pyqcu,on,3.7775181904828944e-07,p100__8x8x8x16__c64__l1__trace-on
True,p100,90.0,8x8x8x16,1,steady,c64,2,1.2125614730030065,pyqcu,on,3.7775181904828944e-07,p100__8x8x8x16__c64__l1__trace-on
True,p100,90.0,8x8x8x16,1,steady,c64,3,1.1764173109986586,pyqcu,on,3.7775181904828944e-07,p100__8x8x8x16__c64__l1__trace-on
True,p100,90.0,8x8x8x16,1,steady,c64,4,1.1700795349897817,pyqcu,on,3.7775181904828944e-07,p100__8x8x8x16__c64__l1__trace-on
True,p100,68.0,8x8x8x16,1,cold,c64,0,0.5341247530013788,quda,on,4.6737457461390857e-07,p100__8x8x8x16__c64__l1__trace-on
True,p100,68.0,8x8x8x16,1,warmup,c64,0,0.523000294007943,quda,on,4.6737457461390857e-07,p100__8x8x8x16__c64__l1__trace-on
True,p100,68.0,8x8x8x16,1,warmup,c64,1,0.2681123010115698,quda,on,4.6737457461390857e-07,p100__8x8x8x16__c64__l1__trace-on
True,p100,68.0,8x8x8x16,1,steady,c64,0,0.2815827260055812,quda,on,4.6737457461390857e-07,p100__8x8x8x16__c64__l1__trace-on
True,p100,68.0,8x8x8x16,1,steady,c64,1,0.28779360599583015,quda,on,4.6737457461390857e-07,p100__8x8x8x16__c64__l1__trace-on
True,p100,68.0,8x8x8x16,1,steady,c64,2,0.2723991629900411,quda,on,4.6737457461390857e-07,p100__8x8x8x16__c64__l1__trace-on
True,p100,68.0,8x8x8x16,1,steady,c64,3,0.26691862900042906,quda,on,4.6737457461390857e-07,p100__8x8x8x16__c64__l1__trace-on
True,p100,68.0,8x8x8x16,1,steady,c64,4,0.274422588001471,quda,on,4.6737457461390857e-07,p100__8x8x8x16__c64__l1__trace-on
True,p100,90.0,8x8x8x16,2,cold,c64,0,1.1328288869990502,pyqcu,off,3.7775181904828944e-07,p100__8x8x8x16__c64__l2__trace-off
True,p100,90.0,8x8x8x16,2,warmup,c64,0,1.1520241810067091,pyqcu,off,3.7775181904828944e-07,p100__8x8x8x16__c64__l2__trace-off
True,p100,90.0,8x8x8x16,2,warmup,c64,1,1.0983733409957495,pyqcu,off,3.7775181904828944e-07,p100__8x8x8x16__c64__l2__trace-off
True,p100,90.0,8x8x8x16,2,steady,c64,0,1.153902995007229,pyqcu,off,3.7775181904828944e-07,p100__8x8x8x16__c64__l2__trace-off
True,p100,90.0,8x8x8x16,2,steady,c64,1,1.1631219520058949,pyqcu,off,3.7775181904828944e-07,p100__8x8x8x16__c64__l2__trace-off
True,p100,90.0,8x8x8x16,2,steady,c64,2,1.1084501669974998,pyqcu,off,3.7775181904828944e-07,p100__8x8x8x16__c64__l2__trace-off
True,p100,90.0,8x8x8x16,2,steady,c64,3,1.1411684649938252,pyqcu,off,3.7775181904828944e-07,p100__8x8x8x16__c64__l2__trace-off
True,p100,90.0,8x8x8x16,2,steady,c64,4,1.1622182499995688,pyqcu,off,3.7775181904828944e-07,p100__8x8x8x16__c64__l2__trace-off
True,p100,68.0,8x8x8x16,2,cold,c64,0,0.5147115940053482,quda,off,4.6737457461390857e-07,p100__8x8x8x16__c64__l2__trace-off
True,p100,68.0,8x8x8x16,2,warmup,c64,0,0.5738439499982633,quda,off,4.6737457461390857e-07,p100__8x8x8x16__c64__l2__trace-off
True,p100,68.0,8x8x8x16,2,warmup,c64,1,0.2822845850023441,quda,off,4.6737457461390857e-07,p100__8x8x8x16__c64__l2__trace-off
True,p100,68.0,8x8x8x16,2,steady,c64,0,0.27724846900673583,quda,off,4.6737457461390857e-07,p100__8x8x8x16__c64__l2__trace-off
True,p100,68.0,8x8x8x16,2,steady,c64,1,0.27895747699949425,quda,off,4.6737457461390857e-07,p100__8x8x8x16__c64__l2__trace-off
True,p100,68.0,8x8x8x16,2,steady,c64,2,0.2763368120067753,quda,off,4.6737457461390857e-07,p100__8x8x8x16__c64__l2__trace-off
True,p100,68.0,8x8x8x16,2,steady,c64,3,0.3161899090046063,quda,off,4.6737457461390857e-07,p100__8x8x8x16__c64__l2__trace-off
True,p100,68.0,8x8x8x16,2,steady,c64,4,0.27125649400113616,quda,off,4.6737457461390857e-07,p100__8x8x8x16__c64__l2__trace-off
True,p100,90.0,8x8x8x16,2,cold,c64,0,1.209213524009101,pyqcu,on,3.7775181904828944e-07,p100__8x8x8x16__c64__l2__trace-on
True,p100,90.0,8x8x8x16,2,warmup,c64,0,1.1402931619959418,pyqcu,on,3.7775181904828944e-07,p100__8x8x8x16__c64__l2__trace-on
True,p100,90.0,8x8x8x16,2,warmup,c64,1,1.204980266003986,pyqcu,on,3.7775181904828944e-07,p100__8x8x8x16__c64__l2__trace-on
True,p100,90.0,8x8x8x16,2,steady,c64,0,1.1811257529916475,pyqcu,on,3.7775181904828944e-07,p100__8x8x8x16__c64__l2__trace-on
True,p100,90.0,8x8x8x16,2,steady,c64,1,1.1331176060048165,pyqcu,on,3.7775181904828944e-07,p100__8x8x8x16__c64__l2__trace-on
True,p100,90.0,8x8x8x16,2,steady,c64,2,1.2125614730030065,pyqcu,on,3.7775181904828944e-07,p100__8x8x8x16__c64__l2__trace-on
True,p100,90.0,8x8x8x16,2,steady,c64,3,1.1764173109986586,pyqcu,on,3.7775181904828944e-07,p100__8x8x8x16__c64__l2__trace-on
True,p100,90.0,8x8x8x16,2,steady,c64,4,1.1700795349897817,pyqcu,on,3.7775181904828944e-07,p100__8x8x8x16__c64__l2__trace-on
True,p100,68.0,8x8x8x16,2,cold,c64,0,0.5341247530013788,quda,on,4.6737457461390857e-07,p100__8x8x8x16__c64__l2__trace-on
True,p100,68.0,8x8x8x16,2,warmup,c64,0,0.523000294007943,quda,on,4.6737457461390857e-07,p100__8x8x8x16__c64__l2__trace-on
True,p100,68.0,8x8x8x16,2,warmup,c64,1,0.2681123010115698,quda,on,4.6737457461390857e-07,p100__8x8x8x16__c64__l2__trace-on
True,p100,68.0,8x8x8x16,2,steady,c64,0,0.2815827260055812,quda,on,4.6737457461390857e-07,p100__8x8x8x16__c64__l2__trace-on
True,p100,68.0,8x8x8x16,2,steady,c64,1,0.28779360599583015,quda,on,4.6737457461390857e-07,p100__8x8x8x16__c64__l2__trace-on
True,p100,68.0,8x8x8x16,2,steady,c64,2,0.2723991629900411,quda,on,4.6737457461390857e-07,p100__8x8x8x16__c64__l2__trace-on
True,p100,68.0,8x8x8x16,2,steady,c64,3,0.26691862900042906,quda,on,4.6737457461390857e-07,p100__8x8x8x16__c64__l2__trace-on
True,p100,68.0,8x8x8x16,2,steady,c64,4,0.274422588001471,quda,on,4.6737457461390857e-07,p100__8x8x8x16__c64__l2__trace-on
True,p100,90.0,8x8x8x16,3,cold,c64,0,1.3246470250014681,pyqcu,off,3.7775181904828944e-07,p100__8x8x8x16__c64__l3__trace-off
True,p100,90.0,8x8x8x16,3,warmup,c64,0,1.2521608440001728,pyqcu,off,3.7775181904828944e-07,p100__8x8x8x16__c64__l3__trace-off
True,p100,90.0,8x8x8x16,3,warmup,c64,1,1.2292735800001537,pyqcu,off,3.7775181904828944e-07,p100__8x8x8x16__c64__l3__trace-off
True,p100,90.0,8x8x8x16,3,steady,c64,0,1.226170188994729,pyqcu,off,3.7775181904828944e-07,p100__8x8x8x16__c64__l3__trace-off
True,p100,90.0,8x8x8x16,3,steady,c64,1,1.1540828440047335,pyqcu,off,3.7775181904828944e-07,p100__8x8x8x16__c64__l3__trace-off
True,p100,90.0,8x8x8x16,3,steady,c64,2,1.1840870939922752,pyqcu,off,3.7775181904828944e-07,p100__8x8x8x16__c64__l3__trace-off
True,p100,90.0,8x8x8x16,3,steady,c64,3,1.1514985849935329,pyqcu,off,3.7775181904828944e-07,p100__8x8x8x16__c64__l3__trace-off
True,p100,90.0,8x8x8x16,3,steady,c64,4,1.1607735389989102,pyqcu,off,3.7775181904828944e-07,p100__8x8x8x16__c64__l3__trace-off
True,p100,68.0,8x8x8x16,3,cold,c64,0,0.5024950539955171,quda,off,4.6737457461390857e-07,p100__8x8x8x16__c64__l3__trace-off
True,p100,68.0,8x8x8x16,3,warmup,c64,0,0.5297954160050722,quda,off,4.6737457461390857e-07,p100__8x8x8x16__c64__l3__trace-off
True,p100,68.0,8x8x8x16,3,warmup,c64,1,0.2650340659893118,quda,off,4.6737457461390857e-07,p100__8x8x8x16__c64__l3__trace-off
True,p100,68.0,8x8x8x16,3,steady,c64,0,0.267751032995875,quda,off,4.6737457461390857e-07,p100__8x8x8x16__c64__l3__trace-off
True,p100,68.0,8x8x8x16,3,steady,c64,1,0.2649345600075321,quda,off,4.6737457461390857e-07,p100__8x8x8x16__c64__l3__trace-off
True,p100,68.0,8x8x8x16,3,steady,c64,2,0.2777091439929791,quda,off,4.6737457461390857e-07,p100__8x8x8x16__c64__l3__trace-off
True,p100,68.0,8x8x8x16,3,steady,c64,3,0.29961278900736943,quda,off,4.6737457461390857e-07,p100__8x8x8x16__c64__l3__trace-off
True,p100,68.0,8x8x8x16,3,steady,c64,4,0.25611761899199337,quda,off,4.6737457461390857e-07,p100__8x8x8x16__c64__l3__trace-off
True,p100,90.0,8x8x8x16,3,cold,c64,0,1.1639529150124872,pyqcu,on,3.7775181904828944e-07,p100__8x8x8x16__c64__l3__trace-on
True,p100,90.0,8x8x8x16,3,warmup,c64,0,1.2780144290009048,pyqcu,on,3.7775181904828944e-07,p100__8x8x8x16__c64__l3__trace-on
True,p100,90.0,8x8x8x16,3,warmup,c64,1,1.257129924997571,pyqcu,on,3.7775181904828944e-07,p100__8x8x8x16__c64__l3__trace-on
True,p100,90.0,8x8x8x16,3,steady,c64,0,1.2866429229907226,pyqcu,on,3.7775181904828944e-07,p100__8x8x8x16__c64__l3__trace-on
True,p100,90.0,8x8x8x16,3,steady,c64,1,1.1907701129966881,pyqcu,on,3.7775181904828944e-07,p100__8x8x8x16__c64__l3__trace-on
True,p100,90.0,8x8x8x16,3,steady,c64,2,1.2249658490036381,pyqcu,on,3.7775181904828944e-07,p100__8x8x8x16__c64__l3__trace-on
True,p100,90.0,8x8x8x16,3,steady,c64,3,1.2317638539971085,pyqcu,on,3.7775181904828944e-07,p100__8x8x8x16__c64__l3__trace-on
True,p100,90.0,8x8x8x16,3,steady,c64,4,1.209077203006018,pyqcu,on,3.7775181904828944e-07,p100__8x8x8x16__c64__l3__trace-on
True,p100,68.0,8x8x8x16,3,cold,c64,0,0.5470422460057307,quda,on,4.6737457461390857e-07,p100__8x8x8x16__c64__l3__trace-on
True,p100,68.0,8x8x8x16,3,warmup,c64,0,0.5279221499949927,quda,on,4.6737457461390857e-07,p100__8x8x8x16__c64__l3__trace-on
True,p100,68.0,8x8x8x16,3,warmup,c64,1,0.30016869300743565,quda,on,4.6737457461390857e-07,p100__8x8x8x16__c64__l3__trace-on
True,p100,68.0,8x8x8x16,3,steady,c64,0,0.3047235720005119,quda,on,4.6737457461390857e-07,p100__8x8x8x16__c64__l3__trace-on
True,p100,68.0,8x8x8x16,3,steady,c64,1,0.2719489640003303,quda,on,4.6737457461390857e-07,p100__8x8x8x16__c64__l3__trace-on
True,p100,68.0,8x8x8x16,3,steady,c64,2,0.27785412600496784,quda,on,4.6737457461390857e-07,p100__8x8x8x16__c64__l3__trace-on
True,p100,68.0,8x8x8x16,3,steady,c64,3,0.27756760899501387,quda,on,4.6737457461390857e-07,p100__8x8x8x16__c64__l3__trace-on
True,p100,68.0,8x8x8x16,3,steady,c64,4,0.3240737580053974,quda,on,4.6737457461390857e-07,p100__8x8x8x16__c64__l3__trace-on
True,v100,129.0,16x16x16x16,1,cold,c128,0,0.5445198399975197,pyqcu,off,1.6782179532707867e-08,v100__16x16x16x16__c128__l1__trace-off
True,v100,129.0,16x16x16x16,1,warmup,c128,0,0.5322183090029284,pyqcu,off,1.6782179532707867e-08,v100__16x16x16x16__c128__l1__trace-off
True,v100,129.0,16x16x16x16,1,warmup,c128,1,0.5470353529963177,pyqcu,off,1.6782179532707867e-08,v100__16x16x16x16__c128__l1__trace-off
True,v100,129.0,16x16x16x16,1,steady,c128,0,0.55208183999639,pyqcu,off,1.6782179532707867e-08,v100__16x16x16x16__c128__l1__trace-off
True,v100,129.0,16x16x16x16,1,steady,c128,1,0.6582699880091241,pyqcu,off,1.6782179532707867e-08,v100__16x16x16x16__c128__l1__trace-off
True,v100,129.0,16x16x16x16,1,steady,c128,2,0.5312190520053264,pyqcu,off,1.6782179532707867e-08,v100__16x16x16x16__c128__l1__trace-off
True,v100,129.0,16x16x16x16,1,steady,c128,3,0.5448009259998798,pyqcu,off,1.6782179532707867e-08,v100__16x16x16x16__c128__l1__trace-off
True,v100,129.0,16x16x16x16,1,steady,c128,4,0.5522733510006219,pyqcu,off,1.6782179532707867e-08,v100__16x16x16x16__c128__l1__trace-off
True,v100,81.0,16x16x16x16,1,cold,c128,0,0.14969451799697708,quda,off,1.8334761337857784e-08,v100__16x16x16x16__c128__l1__trace-off
True,v100,81.0,16x16x16x16,1,warmup,c128,0,0.14702604000922292,quda,off,1.8334761337857784e-08,v100__16x16x16x16__c128__l1__trace-off
True,v100,81.0,16x16x16x16,1,warmup,c128,1,0.13776562199927866,quda,off,1.8334761337857784e-08,v100__16x16x16x16__c128__l1__trace-off
True,v100,81.0,16x16x16x16,1,steady,c128,0,0.14069888599624392,quda,off,1.8334761337857784e-08,v100__16x16x16x16__c128__l1__trace-off
True,v100,81.0,16x16x16x16,1,steady,c128,1,0.14087469500373118,quda,off,1.8334761337857784e-08,v100__16x16x16x16__c128__l1__trace-off
True,v100,81.0,16x16x16x16,1,steady,c128,2,0.1490038519987138,quda,off,1.8334761337857784e-08,v100__16x16x16x16__c128__l1__trace-off
True,v100,81.0,16x16x16x16,1,steady,c128,3,0.14242748300603125,quda,off,1.8334761337857784e-08,v100__16x16x16x16__c128__l1__trace-off
True,v100,81.0,16x16x16x16,1,steady,c128,4,0.14257119099784177,quda,off,1.8334761337857784e-08,v100__16x16x16x16__c128__l1__trace-off
True,v100,129.0,16x16x16x16,1,cold,c128,0,0.5663531399914064,pyqcu,on,1.6782179532707867e-08,v100__16x16x16x16__c128__l1__trace-on
True,v100,129.0,16x16x16x16,1,warmup,c128,0,0.6003009819978615,pyqcu,on,1.6782179532707867e-08,v100__16x16x16x16__c128__l1__trace-on
True,v100,129.0,16x16x16x16,1,warmup,c128,1,0.5863348959974246,pyqcu,on,1.6782179532707867e-08,v100__16x16x16x16__c128__l1__trace-on
True,v100,129.0,16x16x16x16,1,steady,c128,0,0.6387767470005201,pyqcu,on,1.6782179532707867e-08,v100__16x16x16x16__c128__l1__trace-on
True,v100,129.0,16x16x16x16,1,steady,c128,1,0.6982189929985907,pyqcu,on,1.6782179532707867e-08,v100__16x16x16x16__c128__l1__trace-on
True,v100,129.0,16x16x16x16,1,steady,c128,2,0.6829463340109214,pyqcu,on,1.6782179532707867e-08,v100__16x16x16x16__c128__l1__trace-on
True,v100,129.0,16x16x16x16,1,steady,c128,3,0.6229246550065,pyqcu,on,1.6782179532707867e-08,v100__16x16x16x16__c128__l1__trace-on
True,v100,129.0,16x16x16x16,1,steady,c128,4,0.6500300810002955,pyqcu,on,1.6782179532707867e-08,v100__16x16x16x16__c128__l1__trace-on
True,v100,81.0,16x16x16x16,1,cold,c128,0,0.1457675760029815,quda,on,1.8334761337857784e-08,v100__16x16x16x16__c128__l1__trace-on
True,v100,81.0,16x16x16x16,1,warmup,c128,0,0.17277620200184174,quda,on,1.8334761337857784e-08,v100__16x16x16x16__c128__l1__trace-on
True,v100,81.0,16x16x16x16,1,warmup,c128,1,0.15277825300290715,quda,on,1.8334761337857784e-08,v100__16x16x16x16__c128__l1__trace-on
True,v100,81.0,16x16x16x16,1,steady,c128,0,0.1469167750037741,quda,on,1.8334761337857784e-08,v100__16x16x16x16__c128__l1__trace-on
True,v100,81.0,16x16x16x16,1,steady,c128,1,0.14188793599896599,quda,on,1.8334761337857784e-08,v100__16x16x16x16__c128__l1__trace-on
True,v100,81.0,16x16x16x16,1,steady,c128,2,0.14575721899745986,quda,on,1.8334761337857784e-08,v100__16x16x16x16__c128__l1__trace-on
True,v100,81.0,16x16x16x16,1,steady,c128,3,0.14650105401233304,quda,on,1.8334761337857784e-08,v100__16x16x16x16__c128__l1__trace-on
True,v100,81.0,16x16x16x16,1,steady,c128,4,0.14520649300538935,quda,on,1.8334761337857784e-08,v100__16x16x16x16__c128__l1__trace-on
True,v100,129.0,16x16x16x16,2,cold,c128,0,0.5445198399975197,pyqcu,off,1.6782179532707867e-08,v100__16x16x16x16__c128__l2__trace-off
True,v100,129.0,16x16x16x16,2,warmup,c128,0,0.5322183090029284,pyqcu,off,1.6782179532707867e-08,v100__16x16x16x16__c128__l2__trace-off
True,v100,129.0,16x16x16x16,2,warmup,c128,1,0.5470353529963177,pyqcu,off,1.6782179532707867e-08,v100__16x16x16x16__c128__l2__trace-off
True,v100,129.0,16x16x16x16,2,steady,c128,0,0.55208183999639,pyqcu,off,1.6782179532707867e-08,v100__16x16x16x16__c128__l2__trace-off
True,v100,129.0,16x16x16x16,2,steady,c128,1,0.6582699880091241,pyqcu,off,1.6782179532707867e-08,v100__16x16x16x16__c128__l2__trace-off
True,v100,129.0,16x16x16x16,2,steady,c128,2,0.5312190520053264,pyqcu,off,1.6782179532707867e-08,v100__16x16x16x16__c128__l2__trace-off
True,v100,129.0,16x16x16x16,2,steady,c128,3,0.5448009259998798,pyqcu,off,1.6782179532707867e-08,v100__16x16x16x16__c128__l2__trace-off
True,v100,129.0,16x16x16x16,2,steady,c128,4,0.5522733510006219,pyqcu,off,1.6782179532707867e-08,v100__16x16x16x16__c128__l2__trace-off
True,v100,81.0,16x16x16x16,2,cold,c128,0,0.14969451799697708,quda,off,1.8334761337857784e-08,v100__16x16x16x16__c128__l2__trace-off
True,v100,81.0,16x16x16x16,2,warmup,c128,0,0.14702604000922292,quda,off,1.8334761337857784e-08,v100__16x16x16x16__c128__l2__trace-off
True,v100,81.0,16x16x16x16,2,warmup,c128,1,0.13776562199927866,quda,off,1.8334761337857784e-08,v100__16x16x16x16__c128__l2__trace-off
True,v100,81.0,16x16x16x16,2,steady,c128,0,0.14069888599624392,quda,off,1.8334761337857784e-08,v100__16x16x16x16__c128__l2__trace-off
True,v100,81.0,16x16x16x16,2,steady,c128,1,0.14087469500373118,quda,off,1.8334761337857784e-08,v100__16x16x16x16__c128__l2__trace-off
True,v100,81.0,16x16x16x16,2,steady,c128,2,0.1490038519987138,quda,off,1.8334761337857784e-08,v100__16x16x16x16__c128__l2__trace-off
True,v100,81.0,16x16x16x16,2,steady,c128,3,0.14242748300603125,quda,off,1.8334761337857784e-08,v100__16x16x16x16__c128__l2__trace-off
True,v100,81.0,16x16x16x16,2,steady,c128,4,0.14257119099784177,quda,off,1.8334761337857784e-08,v100__16x16x16x16__c128__l2__trace-off
True,v100,129.0,16x16x16x16,2,cold,c128,0,0.5663531399914064,pyqcu,on,1.6782179532707867e-08,v100__16x16x16x16__c128__l2__trace-on
True,v100,129.0,16x16x16x16,2,warmup,c128,0,0.6003009819978615,pyqcu,on,1.6782179532707867e-08,v100__16x16x16x16__c128__l2__trace-on
True,v100,129.0,16x16x16x16,2,warmup,c128,1,0.5863348959974246,pyqcu,on,1.6782179532707867e-08,v100__16x16x16x16__c128__l2__trace-on
True,v100,129.0,16x16x16x16,2,steady,c128,0,0.6387767470005201,pyqcu,on,1.6782179532707867e-08,v100__16x16x16x16__c128__l2__trace-on
True,v100,129.0,16x16x16x16,2,steady,c128,1,0.6982189929985907,pyqcu,on,1.6782179532707867e-08,v100__16x16x16x16__c128__l2__trace-on
True,v100,129.0,16x16x16x16,2,steady,c128,2,0.6829463340109214,pyqcu,on,1.6782179532707867e-08,v100__16x16x16x16__c128__l2__trace-on
True,v100,129.0,16x16x16x16,2,steady,c128,3,0.6229246550065,pyqcu,on,1.6782179532707867e-08,v100__16x16x16x16__c128__l2__trace-on
True,v100,129.0,16x16x16x16,2,steady,c128,4,0.6500300810002955,pyqcu,on,1.6782179532707867e-08,v100__16x16x16x16__c128__l2__trace-on
True,v100,81.0,16x16x16x16,2,cold,c128,0,0.1457675760029815,quda,on,1.8334761337857784e-08,v100__16x16x16x16__c128__l2__trace-on
True,v100,81.0,16x16x16x16,2,warmup,c128,0,0.17277620200184174,quda,on,1.8334761337857784e-08,v100__16x16x16x16__c128__l2__trace-on
True,v100,81.0,16x16x16x16,2,warmup,c128,1,0.15277825300290715,quda,on,1.8334761337857784e-08,v100__16x16x16x16__c128__l2__trace-on
True,v100,81.0,16x16x16x16,2,steady,c128,0,0.1469167750037741,quda,on,1.8334761337857784e-08,v100__16x16x16x16__c128__l2__trace-on
True,v100,81.0,16x16x16x16,2,steady,c128,1,0.14188793599896599,quda,on,1.8334761337857784e-08,v100__16x16x16x16__c128__l2__trace-on
True,v100,81.0,16x16x16x16,2,steady,c128,2,0.14575721899745986,quda,on,1.8334761337857784e-08,v100__16x16x16x16__c128__l2__trace-on
True,v100,81.0,16x16x16x16,2,steady,c128,3,0.14650105401233304,quda,on,1.8334761337857784e-08,v100__16x16x16x16__c128__l2__trace-on
True,v100,81.0,16x16x16x16,2,steady,c128,4,0.14520649300538935,quda,on,1.8334761337857784e-08,v100__16x16x16x16__c128__l2__trace-on
True,v100,129.0,16x16x16x16,3,cold,c128,0,0.5599420380021911,pyqcu,off,1.6782179532707867e-08,v100__16x16x16x16__c128__l3__trace-off
True,v100,129.0,16x16x16x16,3,warmup,c128,0,0.6307537599932402,pyqcu,off,1.6782179532707867e-08,v100__16x16x16x16__c128__l3__trace-off
True,v100,129.0,16x16x16x16,3,warmup,c128,1,0.732700675012893,pyqcu,off,1.6782179532707867e-08,v100__16x16x16x16__c128__l3__trace-off
True,v100,129.0,16x16x16x16,3,steady,c128,0,0.6865525680041173,pyqcu,off,1.6782179532707867e-08,v100__16x16x16x16__c128__l3__trace-off
True,v100,129.0,16x16x16x16,3,steady,c128,1,0.6674013919982826,pyqcu,off,1.6782179532707867e-08,v100__16x16x16x16__c128__l3__trace-off
True,v100,129.0,16x16x16x16,3,steady,c128,2,0.7044428730005166,pyqcu,off,1.6782179532707867e-08,v100__16x16x16x16__c128__l3__trace-off
True,v100,129.0,16x16x16x16,3,steady,c128,3,0.6657439980044728,pyqcu,off,1.6782179532707867e-08,v100__16x16x16x16__c128__l3__trace-off
True,v100,129.0,16x16x16x16,3,steady,c128,4,0.6743180810008198,pyqcu,off,1.6782179532707867e-08,v100__16x16x16x16__c128__l3__trace-off
True,v100,81.0,16x16x16x16,3,cold,c128,0,0.14815893599006813,quda,off,1.8334761337857784e-08,v100__16x16x16x16__c128__l3__trace-off
True,v100,81.0,16x16x16x16,3,warmup,c128,0,0.14390798099339008,quda,off,1.8334761337857784e-08,v100__16x16x16x16__c128__l3__trace-off
True,v100,81.0,16x16x16x16,3,warmup,c128,1,0.15298629099561367,quda,off,1.8334761337857784e-08,v100__16x16x16x16__c128__l3__trace-off
True,v100,81.0,16x16x16x16,3,steady,c128,0,0.1444657130050473,quda,off,1.8334761337857784e-08,v100__16x16x16x16__c128__l3__trace-off
True,v100,81.0,16x16x16x16,3,steady,c128,1,0.14899276700452901,quda,off,1.8334761337857784e-08,v100__16x16x16x16__c128__l3__trace-off
True,v100,81.0,16x16x16x16,3,steady,c128,2,0.21993985200242605,quda,off,1.8334761337857784e-08,v100__16x16x16x16__c128__l3__trace-off
True,v100,81.0,16x16x16x16,3,steady,c128,3,0.226431914998102,quda,off,1.8334761337857784e-08,v100__16x16x16x16__c128__l3__trace-off
True,v100,81.0,16x16x16x16,3,steady,c128,4,0.1410952230071416,quda,off,1.8334761337857784e-08,v100__16x16x16x16__c128__l3__trace-off
True,v100,129.0,16x16x16x16,3,cold,c128,0,0.7848881780082593,pyqcu,on,1.6782179532707867e-08,v100__16x16x16x16__c128__l3__trace-on
True,v100,129.0,16x16x16x16,3,warmup,c128,0,0.5630424370028777,pyqcu,on,1.6782179532707867e-08,v100__16x16x16x16__c128__l3__trace-on
True,v100,129.0,16x16x16x16,3,warmup,c128,1,0.5793008500040742,pyqcu,on,1.6782179532707867e-08,v100__16x16x16x16__c128__l3__trace-on
True,v100,129.0,16x16x16x16,3,steady,c128,0,0.5668720519897761,pyqcu,on,1.6782179532707867e-08,v100__16x16x16x16__c128__l3__trace-on
True,v100,129.0,16x16x16x16,3,steady,c128,1,0.5661568020004779,pyqcu,on,1.6782179532707867e-08,v100__16x16x16x16__c128__l3__trace-on
True,v100,129.0,16x16x16x16,3,steady,c128,2,0.5483645140047884,pyqcu,on,1.6782179532707867e-08,v100__16x16x16x16__c128__l3__trace-on
True,v100,129.0,16x16x16x16,3,steady,c128,3,0.5376726349932142,pyqcu,on,1.6782179532707867e-08,v100__16x16x16x16__c128__l3__trace-on
True,v100,129.0,16x16x16x16,3,steady,c128,4,0.5821746389992768,pyqcu,on,1.6782179532707867e-08,v100__16x16x16x16__c128__l3__trace-on
True,v100,81.0,16x16x16x16,3,cold,c128,0,0.15168188800453208,quda,on,1.8334761337857784e-08,v100__16x16x16x16__c128__l3__trace-on
True,v100,81.0,16x16x16x16,3,warmup,c128,0,0.142657293996308,quda,on,1.8334761337857784e-08,v100__16x16x16x16__c128__l3__trace-on
True,v100,81.0,16x16x16x16,3,warmup,c128,1,0.15986485799658112,quda,on,1.8334761337857784e-08,v100__16x16x16x16__c128__l3__trace-on
True,v100,81.0,16x16x16x16,3,steady,c128,0,0.1461834910005564,quda,on,1.8334761337857784e-08,v100__16x16x16x16__c128__l3__trace-on
True,v100,81.0,16x16x16x16,3,steady,c128,1,0.1448137150000548,quda,on,1.8334761337857784e-08,v100__16x16x16x16__c128__l3__trace-on
True,v100,81.0,16x16x16x16,3,steady,c128,2,0.1458104709890904,quda,on,1.8334761337857784e-08,v100__16x16x16x16__c128__l3__trace-on
True,v100,81.0,16x16x16x16,3,steady,c128,3,0.1433811339957174,quda,on,1.8334761337857784e-08,v100__16x16x16x16__c128__l3__trace-on
True,v100,81.0,16x16x16x16,3,steady,c128,4,0.13705398100137245,quda,on,1.8334761337857784e-08,v100__16x16x16x16__c128__l3__trace-on
True,v100,90.0,16x16x16x16,1,cold,c64,0,0.26098292200185824,pyqcu,off,3.3935020227110806e-07,v100__16x16x16x16__c64__l1__trace-off
True,v100,90.0,16x16x16x16,1,warmup,c64,0,0.24605881600291468,pyqcu,off,3.3935020227110806e-07,v100__16x16x16x16__c64__l1__trace-off
True,v100,90.0,16x16x16x16,1,warmup,c64,1,0.23757690499769524,pyqcu,off,3.3935020227110806e-07,v100__16x16x16x16__c64__l1__trace-off
True,v100,90.0,16x16x16x16,1,steady,c64,0,0.25303013500524685,pyqcu,off,3.3935020227110806e-07,v100__16x16x16x16__c64__l1__trace-off
True,v100,90.0,16x16x16x16,1,steady,c64,1,0.22975713400228415,pyqcu,off,3.3935020227110806e-07,v100__16x16x16x16__c64__l1__trace-off
True,v100,90.0,16x16x16x16,1,steady,c64,2,0.2416149479977321,pyqcu,off,3.3935020227110806e-07,v100__16x16x16x16__c64__l1__trace-off
True,v100,90.0,16x16x16x16,1,steady,c64,3,0.23337355199328158,pyqcu,off,3.3935020227110806e-07,v100__16x16x16x16__c64__l1__trace-off
True,v100,90.0,16x16x16x16,1,steady,c64,4,0.24470103399653453,pyqcu,off,3.3935020227110806e-07,v100__16x16x16x16__c64__l1__trace-off
True,v100,63.0,16x16x16x16,1,cold,c64,0,0.3452261150086997,quda,off,6.907945887772199e-07,v100__16x16x16x16__c64__l1__trace-off
True,v100,63.0,16x16x16x16,1,warmup,c64,0,0.3072131980006816,quda,off,6.907945887772199e-07,v100__16x16x16x16__c64__l1__trace-off
True,v100,63.0,16x16x16x16,1,warmup,c64,1,0.06738432400743477,quda,off,6.907945887772199e-07,v100__16x16x16x16__c64__l1__trace-off
True,v100,63.0,16x16x16x16,1,steady,c64,0,0.06815720000304282,quda,off,6.907945887772199e-07,v100__16x16x16x16__c64__l1__trace-off
True,v100,63.0,16x16x16x16,1,steady,c64,1,0.0670170869998401,quda,off,6.907945887772199e-07,v100__16x16x16x16__c64__l1__trace-off
True,v100,63.0,16x16x16x16,1,steady,c64,2,0.06808479300525505,quda,off,6.907945887772199e-07,v100__16x16x16x16__c64__l1__trace-off
True,v100,63.0,16x16x16x16,1,steady,c64,3,0.06797458200890105,quda,off,6.907945887772199e-07,v100__16x16x16x16__c64__l1__trace-off
True,v100,63.0,16x16x16x16,1,steady,c64,4,0.06880236399592832,quda,off,6.907945887772199e-07,v100__16x16x16x16__c64__l1__trace-off
True,v100,90.0,16x16x16x16,1,cold,c64,0,0.2536688330001198,pyqcu,on,3.3935020227110806e-07,v100__16x16x16x16__c64__l1__trace-on
True,v100,90.0,16x16x16x16,1,warmup,c64,0,0.2433857150026597,pyqcu,on,3.3935020227110806e-07,v100__16x16x16x16__c64__l1__trace-on
True,v100,90.0,16x16x16x16,1,warmup,c64,1,0.2782264080015011,pyqcu,on,3.3935020227110806e-07,v100__16x16x16x16__c64__l1__trace-on
True,v100,90.0,16x16x16x16,1,steady,c64,0,0.2590194980002707,pyqcu,on,3.3935020227110806e-07,v100__16x16x16x16__c64__l1__trace-on
True,v100,90.0,16x16x16x16,1,steady,c64,1,0.25421469600405544,pyqcu,on,3.3935020227110806e-07,v100__16x16x16x16__c64__l1__trace-on
True,v100,90.0,16x16x16x16,1,steady,c64,2,0.25000403200101573,pyqcu,on,3.3935020227110806e-07,v100__16x16x16x16__c64__l1__trace-on
True,v100,90.0,16x16x16x16,1,steady,c64,3,0.2266124599991599,pyqcu,on,3.3935020227110806e-07,v100__16x16x16x16__c64__l1__trace-on
True,v100,90.0,16x16x16x16,1,steady,c64,4,0.22709569000289775,pyqcu,on,3.3935020227110806e-07,v100__16x16x16x16__c64__l1__trace-on
True,v100,63.0,16x16x16x16,1,cold,c64,0,0.32599628300522454,quda,on,6.907945887772199e-07,v100__16x16x16x16__c64__l1__trace-on
True,v100,63.0,16x16x16x16,1,warmup,c64,0,0.3355214960029116,quda,on,6.907945887772199e-07,v100__16x16x16x16__c64__l1__trace-on
True,v100,63.0,16x16x16x16,1,warmup,c64,1,0.07004676198994275,quda,on,6.907945887772199e-07,v100__16x16x16x16__c64__l1__trace-on
True,v100,63.0,16x16x16x16,1,steady,c64,0,0.07569761500053573,quda,on,6.907945887772199e-07,v100__16x16x16x16__c64__l1__trace-on
True,v100,63.0,16x16x16x16,1,steady,c64,1,0.08033280300151091,quda,on,6.907945887772199e-07,v100__16x16x16x16__c64__l1__trace-on
True,v100,63.0,16x16x16x16,1,steady,c64,2,0.07513748000201304,quda,on,6.907945887772199e-07,v100__16x16x16x16__c64__l1__trace-on
True,v100,63.0,16x16x16x16,1,steady,c64,3,0.08511640099459328,quda,on,6.907945887772199e-07,v100__16x16x16x16__c64__l1__trace-on
True,v100,63.0,16x16x16x16,1,steady,c64,4,0.08834700200532097,quda,on,6.907945887772199e-07,v100__16x16x16x16__c64__l1__trace-on
True,v100,90.0,16x16x16x16,2,cold,c64,0,0.26098292200185824,pyqcu,off,3.3935020227110806e-07,v100__16x16x16x16__c64__l2__trace-off
True,v100,90.0,16x16x16x16,2,warmup,c64,0,0.24605881600291468,pyqcu,off,3.3935020227110806e-07,v100__16x16x16x16__c64__l2__trace-off
True,v100,90.0,16x16x16x16,2,warmup,c64,1,0.23757690499769524,pyqcu,off,3.3935020227110806e-07,v100__16x16x16x16__c64__l2__trace-off
True,v100,90.0,16x16x16x16,2,steady,c64,0,0.25303013500524685,pyqcu,off,3.3935020227110806e-07,v100__16x16x16x16__c64__l2__trace-off
True,v100,90.0,16x16x16x16,2,steady,c64,1,0.22975713400228415,pyqcu,off,3.3935020227110806e-07,v100__16x16x16x16__c64__l2__trace-off
True,v100,90.0,16x16x16x16,2,steady,c64,2,0.2416149479977321,pyqcu,off,3.3935020227110806e-07,v100__16x16x16x16__c64__l2__trace-off
True,v100,90.0,16x16x16x16,2,steady,c64,3,0.23337355199328158,pyqcu,off,3.3935020227110806e-07,v100__16x16x16x16__c64__l2__trace-off
True,v100,90.0,16x16x16x16,2,steady,c64,4,0.24470103399653453,pyqcu,off,3.3935020227110806e-07,v100__16x16x16x16__c64__l2__trace-off
True,v100,63.0,16x16x16x16,2,cold,c64,0,0.3452261150086997,quda,off,6.907945887772199e-07,v100__16x16x16x16__c64__l2__trace-off
True,v100,63.0,16x16x16x16,2,warmup,c64,0,0.3072131980006816,quda,off,6.907945887772199e-07,v100__16x16x16x16__c64__l2__trace-off
True,v100,63.0,16x16x16x16,2,warmup,c64,1,0.06738432400743477,quda,off,6.907945887772199e-07,v100__16x16x16x16__c64__l2__trace-off
True,v100,63.0,16x16x16x16,2,steady,c64,0,0.06815720000304282,quda,off,6.907945887772199e-07,v100__16x16x16x16__c64__l2__trace-off
True,v100,63.0,16x16x16x16,2,steady,c64,1,0.0670170869998401,quda,off,6.907945887772199e-07,v100__16x16x16x16__c64__l2__trace-off
True,v100,63.0,16x16x16x16,2,steady,c64,2,0.06808479300525505,quda,off,6.907945887772199e-07,v100__16x16x16x16__c64__l2__trace-off
True,v100,63.0,16x16x16x16,2,steady,c64,3,0.06797458200890105,quda,off,6.907945887772199e-07,v100__16x16x16x16__c64__l2__trace-off
True,v100,63.0,16x16x16x16,2,steady,c64,4,0.06880236399592832,quda,off,6.907945887772199e-07,v100__16x16x16x16__c64__l2__trace-off
True,v100,90.0,16x16x16x16,2,cold,c64,0,0.2536688330001198,pyqcu,on,3.3935020227110806e-07,v100__16x16x16x16__c64__l2__trace-on
True,v100,90.0,16x16x16x16,2,warmup,c64,0,0.2433857150026597,pyqcu,on,3.3935020227110806e-07,v100__16x16x16x16__c64__l2__trace-on
True,v100,90.0,16x16x16x16,2,warmup,c64,1,0.2782264080015011,pyqcu,on,3.3935020227110806e-07,v100__16x16x16x16__c64__l2__trace-on
True,v100,90.0,16x16x16x16,2,steady,c64,0,0.2590194980002707,pyqcu,on,3.3935020227110806e-07,v100__16x16x16x16__c64__l2__trace-on
True,v100,90.0,16x16x16x16,2,steady,c64,1,0.25421469600405544,pyqcu,on,3.3935020227110806e-07,v100__16x16x16x16__c64__l2__trace-on
True,v100,90.0,16x16x16x16,2,steady,c64,2,0.25000403200101573,pyqcu,on,3.3935020227110806e-07,v100__16x16x16x16__c64__l2__trace-on
True,v100,90.0,16x16x16x16,2,steady,c64,3,0.2266124599991599,pyqcu,on,3.3935020227110806e-07,v100__16x16x16x16__c64__l2__trace-on
True,v100,90.0,16x16x16x16,2,steady,c64,4,0.22709569000289775,pyqcu,on,3.3935020227110806e-07,v100__16x16x16x16__c64__l2__trace-on
True,v100,63.0,16x16x16x16,2,cold,c64,0,0.32599628300522454,quda,on,6.907945887772199e-07,v100__16x16x16x16__c64__l2__trace-on
True,v100,63.0,16x16x16x16,2,warmup,c64,0,0.3355214960029116,quda,on,6.907945887772199e-07,v100__16x16x16x16__c64__l2__trace-on
True,v100,63.0,16x16x16x16,2,warmup,c64,1,0.07004676198994275,quda,on,6.907945887772199e-07,v100__16x16x16x16__c64__l2__trace-on
True,v100,63.0,16x16x16x16,2,steady,c64,0,0.07569761500053573,quda,on,6.907945887772199e-07,v100__16x16x16x16__c64__l2__trace-on
True,v100,63.0,16x16x16x16,2,steady,c64,1,0.08033280300151091,quda,on,6.907945887772199e-07,v100__16x16x16x16__c64__l2__trace-on
True,v100,63.0,16x16x16x16,2,steady,c64,2,0.07513748000201304,quda,on,6.907945887772199e-07,v100__16x16x16x16__c64__l2__trace-on
True,v100,63.0,16x16x16x16,2,steady,c64,3,0.08511640099459328,quda,on,6.907945887772199e-07,v100__16x16x16x16__c64__l2__trace-on
True,v100,63.0,16x16x16x16,2,steady,c64,4,0.08834700200532097,quda,on,6.907945887772199e-07,v100__16x16x16x16__c64__l2__trace-on
True,v100,90.0,16x16x16x16,3,cold,c64,0,0.23973550800292287,pyqcu,off,3.3935020227110806e-07,v100__16x16x16x16__c64__l3__trace-off
True,v100,90.0,16x16x16x16,3,warmup,c64,0,0.24896248598815873,pyqcu,off,3.3935020227110806e-07,v100__16x16x16x16__c64__l3__trace-off
True,v100,90.0,16x16x16x16,3,warmup,c64,1,0.2560878189979121,pyqcu,off,3.3935020227110806e-07,v100__16x16x16x16__c64__l3__trace-off
True,v100,90.0,16x16x16x16,3,steady,c64,0,0.2587584830034757,pyqcu,off,3.3935020227110806e-07,v100__16x16x16x16__c64__l3__trace-off
True,v100,90.0,16x16x16x16,3,steady,c64,1,0.2572793930012267,pyqcu,off,3.3935020227110806e-07,v100__16x16x16x16__c64__l3__trace-off
True,v100,90.0,16x16x16x16,3,steady,c64,2,0.25865227699978277,pyqcu,off,3.3935020227110806e-07,v100__16x16x16x16__c64__l3__trace-off
True,v100,90.0,16x16x16x16,3,steady,c64,3,0.2752774969994789,pyqcu,off,3.3935020227110806e-07,v100__16x16x16x16__c64__l3__trace-off
True,v100,90.0,16x16x16x16,3,steady,c64,4,0.2626407210045727,pyqcu,off,3.3935020227110806e-07,v100__16x16x16x16__c64__l3__trace-off
True,v100,63.0,16x16x16x16,3,cold,c64,0,0.3354367389983963,quda,off,6.907945887772199e-07,v100__16x16x16x16__c64__l3__trace-off
True,v100,63.0,16x16x16x16,3,warmup,c64,0,0.3688846720033325,quda,off,6.907945887772199e-07,v100__16x16x16x16__c64__l3__trace-off
True,v100,63.0,16x16x16x16,3,warmup,c64,1,0.08058645299752243,quda,off,6.907945887772199e-07,v100__16x16x16x16__c64__l3__trace-off
True,v100,63.0,16x16x16x16,3,steady,c64,0,0.07687822499428876,quda,off,6.907945887772199e-07,v100__16x16x16x16__c64__l3__trace-off
True,v100,63.0,16x16x16x16,3,steady,c64,1,0.0774393589963438,quda,off,6.907945887772199e-07,v100__16x16x16x16__c64__l3__trace-off
True,v100,63.0,16x16x16x16,3,steady,c64,2,0.07492440499481745,quda,off,6.907945887772199e-07,v100__16x16x16x16__c64__l3__trace-off
True,v100,63.0,16x16x16x16,3,steady,c64,3,0.07487050200870726,quda,off,6.907945887772199e-07,v100__16x16x16x16__c64__l3__trace-off
True,v100,63.0,16x16x16x16,3,steady,c64,4,0.07416825799737126,quda,off,6.907945887772199e-07,v100__16x16x16x16__c64__l3__trace-off
True,v100,90.0,16x16x16x16,3,cold,c64,0,0.24908486299682409,pyqcu,on,3.3935020227110806e-07,v100__16x16x16x16__c64__l3__trace-on
True,v100,90.0,16x16x16x16,3,warmup,c64,0,0.25257029000204057,pyqcu,on,3.3935020227110806e-07,v100__16x16x16x16__c64__l3__trace-on
True,v100,90.0,16x16x16x16,3,warmup,c64,1,0.24929957199492492,pyqcu,on,3.3935020227110806e-07,v100__16x16x16x16__c64__l3__trace-on
True,v100,90.0,16x16x16x16,3,steady,c64,0,0.24066349399799947,pyqcu,on,3.3935020227110806e-07,v100__16x16x16x16__c64__l3__trace-on
True,v100,90.0,16x16x16x16,3,steady,c64,1,0.24683880599332042,pyqcu,on,3.3935020227110806e-07,v100__16x16x16x16__c64__l3__trace-on
True,v100,90.0,16x16x16x16,3,steady,c64,2,0.24467166200338397,pyqcu,on,3.3935020227110806e-07,v100__16x16x16x16__c64__l3__trace-on
True,v100,90.0,16x16x16x16,3,steady,c64,3,0.2668071429943666,pyqcu,on,3.3935020227110806e-07,v100__16x16x16x16__c64__l3__trace-on
True,v100,90.0,16x16x16x16,3,steady,c64,4,0.2544023129885318,pyqcu,on,3.3935020227110806e-07,v100__16x16x16x16__c64__l3__trace-on
True,v100,63.0,16x16x16x16,3,cold,c64,0,0.394729040999664,quda,on,6.907945887772199e-07,v100__16x16x16x16__c64__l3__trace-on
True,v100,63.0,16x16x16x16,3,warmup,c64,0,0.3739035249891458,quda,on,6.907945887772199e-07,v100__16x16x16x16__c64__l3__trace-on
True,v100,63.0,16x16x16x16,3,warmup,c64,1,0.07094558799872175,quda,on,6.907945887772199e-07,v100__16x16x16x16__c64__l3__trace-on
True,v100,63.0,16x16x16x16,3,steady,c64,0,0.07278350100386888,quda,on,6.907945887772199e-07,v100__16x16x16x16__c64__l3__trace-on
True,v100,63.0,16x16x16x16,3,steady,c64,1,0.07402707799337804,quda,on,6.907945887772199e-07,v100__16x16x16x16__c64__l3__trace-on
True,v100,63.0,16x16x16x16,3,steady,c64,2,0.07374406099552289,quda,on,6.907945887772199e-07,v100__16x16x16x16__c64__l3__trace-on
True,v100,63.0,16x16x16x16,3,steady,c64,3,0.07281310399412178,quda,on,6.907945887772199e-07,v100__16x16x16x16__c64__l3__trace-on
True,v100,63.0,16x16x16x16,3,steady,c64,4,0.07317232599598356,quda,on,6.907945887772199e-07,v100__16x16x16x16__c64__l3__trace-on
True,v100,143.0,16x16x32x32,1,cold,c128,0,2.582754450995708,pyqcu,off,1.6767265074916976e-08,v100__16x16x32x32__c128__l1__trace-off
True,v100,143.0,16x16x32x32,1,warmup,c128,0,1.4172867859888356,pyqcu,off,1.6767265074916976e-08,v100__16x16x32x32__c128__l1__trace-off
True,v100,143.0,16x16x32x32,1,warmup,c128,1,1.4223217469989322,pyqcu,off,1.6767265074916976e-08,v100__16x16x32x32__c128__l1__trace-off
True,v100,143.0,16x16x32x32,1,steady,c128,0,1.4330935299949488,pyqcu,off,1.6767265074916976e-08,v100__16x16x32x32__c128__l1__trace-off
True,v100,143.0,16x16x32x32,1,steady,c128,1,1.4212093649985036,pyqcu,off,1.6767265074916976e-08,v100__16x16x32x32__c128__l1__trace-off
True,v100,143.0,16x16x32x32,1,steady,c128,2,1.4089788800047245,pyqcu,off,1.6767265074916976e-08,v100__16x16x32x32__c128__l1__trace-off
True,v100,143.0,16x16x32x32,1,steady,c128,3,1.4205118259997107,pyqcu,off,1.6767265074916976e-08,v100__16x16x32x32__c128__l1__trace-off
True,v100,143.0,16x16x32x32,1,steady,c128,4,1.4399585069913883,pyqcu,off,1.6767265074916976e-08,v100__16x16x32x32__c128__l1__trace-off
True,v100,102.0,16x16x32x32,1,cold,c128,0,0.35871160399983637,quda,off,1.7794279569507545e-08,v100__16x16x32x32__c128__l1__trace-off
True,v100,102.0,16x16x32x32,1,warmup,c128,0,0.3687953269982245,quda,off,1.7794279569507545e-08,v100__16x16x32x32__c128__l1__trace-off
True,v100,102.0,16x16x32x32,1,warmup,c128,1,0.34637267200741917,quda,off,1.7794279569507545e-08,v100__16x16x32x32__c128__l1__trace-off
True,v100,102.0,16x16x32x32,1,steady,c128,0,0.3401188230054686,quda,off,1.7794279569507545e-08,v100__16x16x32x32__c128__l1__trace-off
True,v100,102.0,16x16x32x32,1,steady,c128,1,0.37581771999248303,quda,off,1.7794279569507545e-08,v100__16x16x32x32__c128__l1__trace-off
True,v100,102.0,16x16x32x32,1,steady,c128,2,0.3501097450061934,quda,off,1.7794279569507545e-08,v100__16x16x32x32__c128__l1__trace-off
True,v100,102.0,16x16x32x32,1,steady,c128,3,0.3379475629917579,quda,off,1.7794279569507545e-08,v100__16x16x32x32__c128__l1__trace-off
True,v100,102.0,16x16x32x32,1,steady,c128,4,0.3729541280044941,quda,off,1.7794279569507545e-08,v100__16x16x32x32__c128__l1__trace-off
True,v100,143.0,16x16x32x32,1,cold,c128,0,1.6444743879983434,pyqcu,on,1.6767265074916976e-08,v100__16x16x32x32__c128__l1__trace-on
True,v100,143.0,16x16x32x32,1,warmup,c128,0,1.4639242539997213,pyqcu,on,1.6767265074916976e-08,v100__16x16x32x32__c128__l1__trace-on
True,v100,143.0,16x16x32x32,1,warmup,c128,1,1.4952535170014016,pyqcu,on,1.6767265074916976e-08,v100__16x16x32x32__c128__l1__trace-on
True,v100,143.0,16x16x32x32,1,steady,c128,0,1.5042657519952627,pyqcu,on,1.6767265074916976e-08,v100__16x16x32x32__c128__l1__trace-on
True,v100,143.0,16x16x32x32,1,steady,c128,1,1.5116830939950887,pyqcu,on,1.6767265074916976e-08,v100__16x16x32x32__c128__l1__trace-on
True,v100,143.0,16x16x32x32,1,steady,c128,2,1.4401789419935085,pyqcu,on,1.6767265074916976e-08,v100__16x16x32x32__c128__l1__trace-on
True,v100,143.0,16x16x32x32,1,steady,c128,3,1.4515919840050628,pyqcu,on,1.6767265074916976e-08,v100__16x16x32x32__c128__l1__trace-on
True,v100,143.0,16x16x32x32,1,steady,c128,4,1.473002151993569,pyqcu,on,1.6767265074916976e-08,v100__16x16x32x32__c128__l1__trace-on
True,v100,102.0,16x16x32x32,1,cold,c128,0,0.36340421700151637,quda,on,1.7794279569507545e-08,v100__16x16x32x32__c128__l1__trace-on
True,v100,102.0,16x16x32x32,1,warmup,c128,0,0.34421558999747504,quda,on,1.7794279569507545e-08,v100__16x16x32x32__c128__l1__trace-on
True,v100,102.0,16x16x32x32,1,warmup,c128,1,0.3782633250084473,quda,on,1.7794279569507545e-08,v100__16x16x32x32__c128__l1__trace-on
True,v100,102.0,16x16x32x32,1,steady,c128,0,0.3781447220098926,quda,on,1.7794279569507545e-08,v100__16x16x32x32__c128__l1__trace-on
True,v100,102.0,16x16x32x32,1,steady,c128,1,0.34943407199170906,quda,on,1.7794279569507545e-08,v100__16x16x32x32__c128__l1__trace-on
True,v100,102.0,16x16x32x32,1,steady,c128,2,0.3514289790036855,quda,on,1.7794279569507545e-08,v100__16x16x32x32__c128__l1__trace-on
True,v100,102.0,16x16x32x32,1,steady,c128,3,0.3530088639963651,quda,on,1.7794279569507545e-08,v100__16x16x32x32__c128__l1__trace-on
True,v100,102.0,16x16x32x32,1,steady,c128,4,0.3546738539880607,quda,on,1.7794279569507545e-08,v100__16x16x32x32__c128__l1__trace-on
True,v100,143.0,16x16x32x32,2,cold,c128,0,2.582754450995708,pyqcu,off,1.6767265074916976e-08,v100__16x16x32x32__c128__l2__trace-off
True,v100,143.0,16x16x32x32,2,warmup,c128,0,1.4172867859888356,pyqcu,off,1.6767265074916976e-08,v100__16x16x32x32__c128__l2__trace-off
True,v100,143.0,16x16x32x32,2,warmup,c128,1,1.4223217469989322,pyqcu,off,1.6767265074916976e-08,v100__16x16x32x32__c128__l2__trace-off
True,v100,143.0,16x16x32x32,2,steady,c128,0,1.4330935299949488,pyqcu,off,1.6767265074916976e-08,v100__16x16x32x32__c128__l2__trace-off
True,v100,143.0,16x16x32x32,2,steady,c128,1,1.4212093649985036,pyqcu,off,1.6767265074916976e-08,v100__16x16x32x32__c128__l2__trace-off
True,v100,143.0,16x16x32x32,2,steady,c128,2,1.4089788800047245,pyqcu,off,1.6767265074916976e-08,v100__16x16x32x32__c128__l2__trace-off
True,v100,143.0,16x16x32x32,2,steady,c128,3,1.4205118259997107,pyqcu,off,1.6767265074916976e-08,v100__16x16x32x32__c128__l2__trace-off
True,v100,143.0,16x16x32x32,2,steady,c128,4,1.4399585069913883,pyqcu,off,1.6767265074916976e-08,v100__16x16x32x32__c128__l2__trace-off
True,v100,102.0,16x16x32x32,2,cold,c128,0,0.35871160399983637,quda,off,1.7794279569507545e-08,v100__16x16x32x32__c128__l2__trace-off
True,v100,102.0,16x16x32x32,2,warmup,c128,0,0.3687953269982245,quda,off,1.7794279569507545e-08,v100__16x16x32x32__c128__l2__trace-off
True,v100,102.0,16x16x32x32,2,warmup,c128,1,0.34637267200741917,quda,off,1.7794279569507545e-08,v100__16x16x32x32__c128__l2__trace-off
True,v100,102.0,16x16x32x32,2,steady,c128,0,0.3401188230054686,quda,off,1.7794279569507545e-08,v100__16x16x32x32__c128__l2__trace-off
True,v100,102.0,16x16x32x32,2,steady,c128,1,0.37581771999248303,quda,off,1.7794279569507545e-08,v100__16x16x32x32__c128__l2__trace-off
True,v100,102.0,16x16x32x32,2,steady,c128,2,0.3501097450061934,quda,off,1.7794279569507545e-08,v100__16x16x32x32__c128__l2__trace-off
True,v100,102.0,16x16x32x32,2,steady,c128,3,0.3379475629917579,quda,off,1.7794279569507545e-08,v100__16x16x32x32__c128__l2__trace-off
True,v100,102.0,16x16x32x32,2,steady,c128,4,0.3729541280044941,quda,off,1.7794279569507545e-08,v100__16x16x32x32__c128__l2__trace-off
True,v100,143.0,16x16x32x32,2,cold,c128,0,1.6444743879983434,pyqcu,on,1.6767265074916976e-08,v100__16x16x32x32__c128__l2__trace-on
True,v100,143.0,16x16x32x32,2,warmup,c128,0,1.4639242539997213,pyqcu,on,1.6767265074916976e-08,v100__16x16x32x32__c128__l2__trace-on
True,v100,143.0,16x16x32x32,2,warmup,c128,1,1.4952535170014016,pyqcu,on,1.6767265074916976e-08,v100__16x16x32x32__c128__l2__trace-on
True,v100,143.0,16x16x32x32,2,steady,c128,0,1.5042657519952627,pyqcu,on,1.6767265074916976e-08,v100__16x16x32x32__c128__l2__trace-on
True,v100,143.0,16x16x32x32,2,steady,c128,1,1.5116830939950887,pyqcu,on,1.6767265074916976e-08,v100__16x16x32x32__c128__l2__trace-on
True,v100,143.0,16x16x32x32,2,steady,c128,2,1.4401789419935085,pyqcu,on,1.6767265074916976e-08,v100__16x16x32x32__c128__l2__trace-on
True,v100,143.0,16x16x32x32,2,steady,c128,3,1.4515919840050628,pyqcu,on,1.6767265074916976e-08,v100__16x16x32x32__c128__l2__trace-on
True,v100,143.0,16x16x32x32,2,steady,c128,4,1.473002151993569,pyqcu,on,1.6767265074916976e-08,v100__16x16x32x32__c128__l2__trace-on
True,v100,102.0,16x16x32x32,2,cold,c128,0,0.36340421700151637,quda,on,1.7794279569507545e-08,v100__16x16x32x32__c128__l2__trace-on
True,v100,102.0,16x16x32x32,2,warmup,c128,0,0.34421558999747504,quda,on,1.7794279569507545e-08,v100__16x16x32x32__c128__l2__trace-on
True,v100,102.0,16x16x32x32,2,warmup,c128,1,0.3782633250084473,quda,on,1.7794279569507545e-08,v100__16x16x32x32__c128__l2__trace-on
True,v100,102.0,16x16x32x32,2,steady,c128,0,0.3781447220098926,quda,on,1.7794279569507545e-08,v100__16x16x32x32__c128__l2__trace-on
True,v100,102.0,16x16x32x32,2,steady,c128,1,0.34943407199170906,quda,on,1.7794279569507545e-08,v100__16x16x32x32__c128__l2__trace-on
True,v100,102.0,16x16x32x32,2,steady,c128,2,0.3514289790036855,quda,on,1.7794279569507545e-08,v100__16x16x32x32__c128__l2__trace-on
True,v100,102.0,16x16x32x32,2,steady,c128,3,0.3530088639963651,quda,on,1.7794279569507545e-08,v100__16x16x32x32__c128__l2__trace-on
True,v100,102.0,16x16x32x32,2,steady,c128,4,0.3546738539880607,quda,on,1.7794279569507545e-08,v100__16x16x32x32__c128__l2__trace-on
True,v100,143.0,16x16x32x32,3,cold,c128,0,1.4196779670019168,pyqcu,off,1.6767265074916976e-08,v100__16x16x32x32__c128__l3__trace-off
True,v100,143.0,16x16x32x32,3,warmup,c128,0,1.4386178999993717,pyqcu,off,1.6767265074916976e-08,v100__16x16x32x32__c128__l3__trace-off
True,v100,143.0,16x16x32x32,3,warmup,c128,1,1.4583120900060749,pyqcu,off,1.6767265074916976e-08,v100__16x16x32x32__c128__l3__trace-off
True,v100,143.0,16x16x32x32,3,steady,c128,0,1.4312265909975395,pyqcu,off,1.6767265074916976e-08,v100__16x16x32x32__c128__l3__trace-off
True,v100,143.0,16x16x32x32,3,steady,c128,1,1.4347913399979006,pyqcu,off,1.6767265074916976e-08,v100__16x16x32x32__c128__l3__trace-off
True,v100,143.0,16x16x32x32,3,steady,c128,2,1.4497242489887867,pyqcu,off,1.6767265074916976e-08,v100__16x16x32x32__c128__l3__trace-off
True,v100,143.0,16x16x32x32,3,steady,c128,3,1.444194740994135,pyqcu,off,1.6767265074916976e-08,v100__16x16x32x32__c128__l3__trace-off
True,v100,143.0,16x16x32x32,3,steady,c128,4,1.4945794480008772,pyqcu,off,1.6767265074916976e-08,v100__16x16x32x32__c128__l3__trace-off
True,v100,102.0,16x16x32x32,3,cold,c128,0,0.38455172200337984,quda,off,1.7794279569507545e-08,v100__16x16x32x32__c128__l3__trace-off
True,v100,102.0,16x16x32x32,3,warmup,c128,0,0.3571717300073942,quda,off,1.7794279569507545e-08,v100__16x16x32x32__c128__l3__trace-off
True,v100,102.0,16x16x32x32,3,warmup,c128,1,0.36597957799676806,quda,off,1.7794279569507545e-08,v100__16x16x32x32__c128__l3__trace-off
True,v100,102.0,16x16x32x32,3,steady,c128,0,0.366629615004058,quda,off,1.7794279569507545e-08,v100__16x16x32x32__c128__l3__trace-off
True,v100,102.0,16x16x32x32,3,steady,c128,1,0.3758627290080767,quda,off,1.7794279569507545e-08,v100__16x16x32x32__c128__l3__trace-off
True,v100,102.0,16x16x32x32,3,steady,c128,2,0.3875037770048948,quda,off,1.7794279569507545e-08,v100__16x16x32x32__c128__l3__trace-off
True,v100,102.0,16x16x32x32,3,steady,c128,3,0.35757451099925674,quda,off,1.7794279569507545e-08,v100__16x16x32x32__c128__l3__trace-off
True,v100,102.0,16x16x32x32,3,steady,c128,4,0.36319792400172446,quda,off,1.7794279569507545e-08,v100__16x16x32x32__c128__l3__trace-off
True,v100,143.0,16x16x32x32,3,cold,c128,0,1.5383801170100924,pyqcu,on,1.6767265074916976e-08,v100__16x16x32x32__c128__l3__trace-on
True,v100,143.0,16x16x32x32,3,warmup,c128,0,1.475129198996001,pyqcu,on,1.6767265074916976e-08,v100__16x16x32x32__c128__l3__trace-on
True,v100,143.0,16x16x32x32,3,warmup,c128,1,1.4232132100005401,pyqcu,on,1.6767265074916976e-08,v100__16x16x32x32__c128__l3__trace-on
True,v100,143.0,16x16x32x32,3,steady,c128,0,1.4153228249924723,pyqcu,on,1.6767265074916976e-08,v100__16x16x32x32__c128__l3__trace-on
True,v100,143.0,16x16x32x32,3,steady,c128,1,1.407195198989939,pyqcu,on,1.6767265074916976e-08,v100__16x16x32x32__c128__l3__trace-on
True,v100,143.0,16x16x32x32,3,steady,c128,2,1.4193321810016641,pyqcu,on,1.6767265074916976e-08,v100__16x16x32x32__c128__l3__trace-on
True,v100,143.0,16x16x32x32,3,steady,c128,3,1.4192841780022718,pyqcu,on,1.6767265074916976e-08,v100__16x16x32x32__c128__l3__trace-on
True,v100,143.0,16x16x32x32,3,steady,c128,4,1.4133819470007438,pyqcu,on,1.6767265074916976e-08,v100__16x16x32x32__c128__l3__trace-on
True,v100,102.0,16x16x32x32,3,cold,c128,0,0.3634778260020539,quda,on,1.7794279569507545e-08,v100__16x16x32x32__c128__l3__trace-on
True,v100,102.0,16x16x32x32,3,warmup,c128,0,0.37875989500025753,quda,on,1.7794279569507545e-08,v100__16x16x32x32__c128__l3__trace-on
True,v100,102.0,16x16x32x32,3,warmup,c128,1,0.3528412820014637,quda,on,1.7794279569507545e-08,v100__16x16x32x32__c128__l3__trace-on
True,v100,102.0,16x16x32x32,3,steady,c128,0,0.35152001499955077,quda,on,1.7794279569507545e-08,v100__16x16x32x32__c128__l3__trace-on
True,v100,102.0,16x16x32x32,3,steady,c128,1,0.3626014759938698,quda,on,1.7794279569507545e-08,v100__16x16x32x32__c128__l3__trace-on
True,v100,102.0,16x16x32x32,3,steady,c128,2,0.354384360005497,quda,on,1.7794279569507545e-08,v100__16x16x32x32__c128__l3__trace-on
True,v100,102.0,16x16x32x32,3,steady,c128,3,0.36507800201070495,quda,on,1.7794279569507545e-08,v100__16x16x32x32__c128__l3__trace-on
True,v100,102.0,16x16x32x32,3,steady,c128,4,0.36054318299284205,quda,on,1.7794279569507545e-08,v100__16x16x32x32__c128__l3__trace-on
True,v100,137.0,16x32x32x48,1,cold,c64,0,1.6908293059968855,pyqcu,off,3.792390328690136e-07,v100__16x32x32x48__c64__l1__trace-off
True,v100,137.0,16x32x32x48,1,warmup,c64,0,1.7039640040020458,pyqcu,off,3.792390328690136e-07,v100__16x32x32x48__c64__l1__trace-off
True,v100,137.0,16x32x32x48,1,warmup,c64,1,1.68925370699435,pyqcu,off,3.792390328690136e-07,v100__16x32x32x48__c64__l1__trace-off
True,v100,137.0,16x32x32x48,1,steady,c64,0,1.705394773001899,pyqcu,off,3.792390328690136e-07,v100__16x32x32x48__c64__l1__trace-off
True,v100,137.0,16x32x32x48,1,steady,c64,1,1.6961829200008651,pyqcu,off,3.792390328690136e-07,v100__16x32x32x48__c64__l1__trace-off
True,v100,137.0,16x32x32x48,1,steady,c64,2,1.6846361369971419,pyqcu,off,3.792390328690136e-07,v100__16x32x32x48__c64__l1__trace-off
True,v100,137.0,16x32x32x48,1,steady,c64,3,1.680874056997709,pyqcu,off,3.792390328690136e-07,v100__16x32x32x48__c64__l1__trace-off
True,v100,137.0,16x32x32x48,1,steady,c64,4,1.675446451001335,pyqcu,off,3.792390328690136e-07,v100__16x32x32x48__c64__l1__trace-off
True,v100,88.0,16x32x32x48,1,cold,c64,0,0.38546697700803634,quda,off,6.147449926210113e-07,v100__16x32x32x48__c64__l1__trace-off
True,v100,88.0,16x32x32x48,1,warmup,c64,0,0.41218816800392233,quda,off,6.147449926210113e-07,v100__16x32x32x48__c64__l1__trace-off
True,v100,88.0,16x32x32x48,1,warmup,c64,1,0.4543632510030875,quda,off,6.147449926210113e-07,v100__16x32x32x48__c64__l1__trace-off
True,v100,88.0,16x32x32x48,1,steady,c64,0,0.39967912100837566,quda,off,6.147449926210113e-07,v100__16x32x32x48__c64__l1__trace-off
True,v100,88.0,16x32x32x48,1,steady,c64,1,0.3966479420050746,quda,off,6.147449926210113e-07,v100__16x32x32x48__c64__l1__trace-off
True,v100,88.0,16x32x32x48,1,steady,c64,2,0.3903695690096356,quda,off,6.147449926210113e-07,v100__16x32x32x48__c64__l1__trace-off
True,v100,88.0,16x32x32x48,1,steady,c64,3,0.41393466701265424,quda,off,6.147449926210113e-07,v100__16x32x32x48__c64__l1__trace-off
True,v100,88.0,16x32x32x48,1,steady,c64,4,0.39038246899144724,quda,off,6.147449926210113e-07,v100__16x32x32x48__c64__l1__trace-off
True,v100,137.0,16x32x32x48,1,cold,c64,0,2.021838635992026,pyqcu,on,3.792390328690136e-07,v100__16x32x32x48__c64__l1__trace-on
True,v100,137.0,16x32x32x48,1,warmup,c64,0,2.050799153992557,pyqcu,on,3.792390328690136e-07,v100__16x32x32x48__c64__l1__trace-on
True,v100,137.0,16x32x32x48,1,warmup,c64,1,2.0667018969979836,pyqcu,on,3.792390328690136e-07,v100__16x32x32x48__c64__l1__trace-on
True,v100,137.0,16x32x32x48,1,steady,c64,0,2.060839546000352,pyqcu,on,3.792390328690136e-07,v100__16x32x32x48__c64__l1__trace-on
True,v100,137.0,16x32x32x48,1,steady,c64,1,2.0516307180078,pyqcu,on,3.792390328690136e-07,v100__16x32x32x48__c64__l1__trace-on
True,v100,137.0,16x32x32x48,1,steady,c64,2,2.330874612001935,pyqcu,on,3.792390328690136e-07,v100__16x32x32x48__c64__l1__trace-on
True,v100,137.0,16x32x32x48,1,steady,c64,3,2.2068764430005103,pyqcu,on,3.792390328690136e-07,v100__16x32x32x48__c64__l1__trace-on
True,v100,137.0,16x32x32x48,1,steady,c64,4,2.318175970009179,pyqcu,on,3.792390328690136e-07,v100__16x32x32x48__c64__l1__trace-on
True,v100,88.0,16x32x32x48,1,cold,c64,0,0.42002173299260903,quda,on,6.147449926210113e-07,v100__16x32x32x48__c64__l1__trace-on
True,v100,88.0,16x32x32x48,1,warmup,c64,0,0.3981056649936363,quda,on,6.147449926210113e-07,v100__16x32x32x48__c64__l1__trace-on
True,v100,88.0,16x32x32x48,1,warmup,c64,1,0.38547071401262656,quda,on,6.147449926210113e-07,v100__16x32x32x48__c64__l1__trace-on
True,v100,88.0,16x32x32x48,1,steady,c64,0,0.38879011099925265,quda,on,6.147449926210113e-07,v100__16x32x32x48__c64__l1__trace-on
True,v100,88.0,16x32x32x48,1,steady,c64,1,0.39480356899730396,quda,on,6.147449926210113e-07,v100__16x32x32x48__c64__l1__trace-on
True,v100,88.0,16x32x32x48,1,steady,c64,2,0.4008184260019334,quda,on,6.147449926210113e-07,v100__16x32x32x48__c64__l1__trace-on
True,v100,88.0,16x32x32x48,1,steady,c64,3,0.38967448800394777,quda,on,6.147449926210113e-07,v100__16x32x32x48__c64__l1__trace-on
True,v100,88.0,16x32x32x48,1,steady,c64,4,0.3802385309973033,quda,on,6.147449926210113e-07,v100__16x32x32x48__c64__l1__trace-on
True,v100,137.0,16x32x32x48,2,cold,c64,0,1.6908293059968855,pyqcu,off,3.792390328690136e-07,v100__16x32x32x48__c64__l2__trace-off
True,v100,137.0,16x32x32x48,2,warmup,c64,0,1.7039640040020458,pyqcu,off,3.792390328690136e-07,v100__16x32x32x48__c64__l2__trace-off
True,v100,137.0,16x32x32x48,2,warmup,c64,1,1.68925370699435,pyqcu,off,3.792390328690136e-07,v100__16x32x32x48__c64__l2__trace-off
True,v100,137.0,16x32x32x48,2,steady,c64,0,1.705394773001899,pyqcu,off,3.792390328690136e-07,v100__16x32x32x48__c64__l2__trace-off
True,v100,137.0,16x32x32x48,2,steady,c64,1,1.6961829200008651,pyqcu,off,3.792390328690136e-07,v100__16x32x32x48__c64__l2__trace-off
True,v100,137.0,16x32x32x48,2,steady,c64,2,1.6846361369971419,pyqcu,off,3.792390328690136e-07,v100__16x32x32x48__c64__l2__trace-off
True,v100,137.0,16x32x32x48,2,steady,c64,3,1.680874056997709,pyqcu,off,3.792390328690136e-07,v100__16x32x32x48__c64__l2__trace-off
True,v100,137.0,16x32x32x48,2,steady,c64,4,1.675446451001335,pyqcu,off,3.792390328690136e-07,v100__16x32x32x48__c64__l2__trace-off
True,v100,88.0,16x32x32x48,2,cold,c64,0,0.38546697700803634,quda,off,6.147449926210113e-07,v100__16x32x32x48__c64__l2__trace-off
True,v100,88.0,16x32x32x48,2,warmup,c64,0,0.41218816800392233,quda,off,6.147449926210113e-07,v100__16x32x32x48__c64__l2__trace-off
True,v100,88.0,16x32x32x48,2,warmup,c64,1,0.4543632510030875,quda,off,6.147449926210113e-07,v100__16x32x32x48__c64__l2__trace-off
True,v100,88.0,16x32x32x48,2,steady,c64,0,0.39967912100837566,quda,off,6.147449926210113e-07,v100__16x32x32x48__c64__l2__trace-off
True,v100,88.0,16x32x32x48,2,steady,c64,1,0.3966479420050746,quda,off,6.147449926210113e-07,v100__16x32x32x48__c64__l2__trace-off
True,v100,88.0,16x32x32x48,2,steady,c64,2,0.3903695690096356,quda,off,6.147449926210113e-07,v100__16x32x32x48__c64__l2__trace-off
True,v100,88.0,16x32x32x48,2,steady,c64,3,0.41393466701265424,quda,off,6.147449926210113e-07,v100__16x32x32x48__c64__l2__trace-off
True,v100,88.0,16x32x32x48,2,steady,c64,4,0.39038246899144724,quda,off,6.147449926210113e-07,v100__16x32x32x48__c64__l2__trace-off
True,v100,137.0,16x32x32x48,2,cold,c64,0,2.021838635992026,pyqcu,on,3.792390328690136e-07,v100__16x32x32x48__c64__l2__trace-on
True,v100,137.0,16x32x32x48,2,warmup,c64,0,2.050799153992557,pyqcu,on,3.792390328690136e-07,v100__16x32x32x48__c64__l2__trace-on
True,v100,137.0,16x32x32x48,2,warmup,c64,1,2.0667018969979836,pyqcu,on,3.792390328690136e-07,v100__16x32x32x48__c64__l2__trace-on
True,v100,137.0,16x32x32x48,2,steady,c64,0,2.060839546000352,pyqcu,on,3.792390328690136e-07,v100__16x32x32x48__c64__l2__trace-on
True,v100,137.0,16x32x32x48,2,steady,c64,1,2.0516307180078,pyqcu,on,3.792390328690136e-07,v100__16x32x32x48__c64__l2__trace-on
True,v100,137.0,16x32x32x48,2,steady,c64,2,2.330874612001935,pyqcu,on,3.792390328690136e-07,v100__16x32x32x48__c64__l2__trace-on
True,v100,137.0,16x32x32x48,2,steady,c64,3,2.2068764430005103,pyqcu,on,3.792390328690136e-07,v100__16x32x32x48__c64__l2__trace-on
True,v100,137.0,16x32x32x48,2,steady,c64,4,2.318175970009179,pyqcu,on,3.792390328690136e-07,v100__16x32x32x48__c64__l2__trace-on
True,v100,88.0,16x32x32x48,2,cold,c64,0,0.42002173299260903,quda,on,6.147449926210113e-07,v100__16x32x32x48__c64__l2__trace-on
True,v100,88.0,16x32x32x48,2,warmup,c64,0,0.3981056649936363,quda,on,6.147449926210113e-07,v100__16x32x32x48__c64__l2__trace-on
True,v100,88.0,16x32x32x48,2,warmup,c64,1,0.38547071401262656,quda,on,6.147449926210113e-07,v100__16x32x32x48__c64__l2__trace-on
True,v100,88.0,16x32x32x48,2,steady,c64,0,0.38879011099925265,quda,on,6.147449926210113e-07,v100__16x32x32x48__c64__l2__trace-on
True,v100,88.0,16x32x32x48,2,steady,c64,1,0.39480356899730396,quda,on,6.147449926210113e-07,v100__16x32x32x48__c64__l2__trace-on
True,v100,88.0,16x32x32x48,2,steady,c64,2,0.4008184260019334,quda,on,6.147449926210113e-07,v100__16x32x32x48__c64__l2__trace-on
True,v100,88.0,16x32x32x48,2,steady,c64,3,0.38967448800394777,quda,on,6.147449926210113e-07,v100__16x32x32x48__c64__l2__trace-on
True,v100,88.0,16x32x32x48,2,steady,c64,4,0.3802385309973033,quda,on,6.147449926210113e-07,v100__16x32x32x48__c64__l2__trace-on
True,v100,137.0,16x32x32x48,3,cold,c64,0,1.977199370987364,pyqcu,off,3.792390328690136e-07,v100__16x32x32x48__c64__l3__trace-off
True,v100,137.0,16x32x32x48,3,warmup,c64,0,2.1426539620006224,pyqcu,off,3.792390328690136e-07,v100__16x32x32x48__c64__l3__trace-off
True,v100,137.0,16x32x32x48,3,warmup,c64,1,2.063153618000797,pyqcu,off,3.792390328690136e-07,v100__16x32x32x48__c64__l3__trace-off
True,v100,137.0,16x32x32x48,3,steady,c64,0,2.1015185759897577,pyqcu,off,3.792390328690136e-07,v100__16x32x32x48__c64__l3__trace-off
True,v100,137.0,16x32x32x48,3,steady,c64,1,2.121722062001936,pyqcu,off,3.792390328690136e-07,v100__16x32x32x48__c64__l3__trace-off
True,v100,137.0,16x32x32x48,3,steady,c64,2,1.996041687001707,pyqcu,off,3.792390328690136e-07,v100__16x32x32x48__c64__l3__trace-off
True,v100,137.0,16x32x32x48,3,steady,c64,3,1.982965878007235,pyqcu,off,3.792390328690136e-07,v100__16x32x32x48__c64__l3__trace-off
True,v100,137.0,16x32x32x48,3,steady,c64,4,2.0128217819874408,pyqcu,off,3.792390328690136e-07,v100__16x32x32x48__c64__l3__trace-off
True,v100,88.0,16x32x32x48,3,cold,c64,0,0.38689386400801595,quda,off,6.147449926210113e-07,v100__16x32x32x48__c64__l3__trace-off
True,v100,88.0,16x32x32x48,3,warmup,c64,0,0.3886679129936965,quda,off,6.147449926210113e-07,v100__16x32x32x48__c64__l3__trace-off
True,v100,88.0,16x32x32x48,3,warmup,c64,1,0.4119181769929128,quda,off,6.147449926210113e-07,v100__16x32x32x48__c64__l3__trace-off
True,v100,88.0,16x32x32x48,3,steady,c64,0,0.4017026779911248,quda,off,6.147449926210113e-07,v100__16x32x32x48__c64__l3__trace-off
True,v100,88.0,16x32x32x48,3,steady,c64,1,0.3845033679972403,quda,off,6.147449926210113e-07,v100__16x32x32x48__c64__l3__trace-off
True,v100,88.0,16x32x32x48,3,steady,c64,2,0.37600976999965496,quda,off,6.147449926210113e-07,v100__16x32x32x48__c64__l3__trace-off
True,v100,88.0,16x32x32x48,3,steady,c64,3,0.43301732500549406,quda,off,6.147449926210113e-07,v100__16x32x32x48__c64__l3__trace-off
True,v100,88.0,16x32x32x48,3,steady,c64,4,0.3942655759892659,quda,off,6.147449926210113e-07,v100__16x32x32x48__c64__l3__trace-off
True,v100,137.0,16x32x32x48,3,cold,c64,0,2.0417667820001952,pyqcu,on,3.792390328690136e-07,v100__16x32x32x48__c64__l3__trace-on
True,v100,137.0,16x32x32x48,3,warmup,c64,0,2.0482682829897385,pyqcu,on,3.792390328690136e-07,v100__16x32x32x48__c64__l3__trace-on
True,v100,137.0,16x32x32x48,3,warmup,c64,1,2.0276737340027466,pyqcu,on,3.792390328690136e-07,v100__16x32x32x48__c64__l3__trace-on
True,v100,137.0,16x32x32x48,3,steady,c64,0,2.0456525859917747,pyqcu,on,3.792390328690136e-07,v100__16x32x32x48__c64__l3__trace-on
True,v100,137.0,16x32x32x48,3,steady,c64,1,2.0683821340062423,pyqcu,on,3.792390328690136e-07,v100__16x32x32x48__c64__l3__trace-on
True,v100,137.0,16x32x32x48,3,steady,c64,2,2.034832044999348,pyqcu,on,3.792390328690136e-07,v100__16x32x32x48__c64__l3__trace-on
True,v100,137.0,16x32x32x48,3,steady,c64,3,2.1196667650074232,pyqcu,on,3.792390328690136e-07,v100__16x32x32x48__c64__l3__trace-on
True,v100,137.0,16x32x32x48,3,steady,c64,4,2.031837057991652,pyqcu,on,3.792390328690136e-07,v100__16x32x32x48__c64__l3__trace-on
True,v100,88.0,16x32x32x48,3,cold,c64,0,0.39378120499895886,quda,on,6.147449926210113e-07,v100__16x32x32x48__c64__l3__trace-on
True,v100,88.0,16x32x32x48,3,warmup,c64,0,0.38776099699316546,quda,on,6.147449926210113e-07,v100__16x32x32x48__c64__l3__trace-on
True,v100,88.0,16x32x32x48,3,warmup,c64,1,0.4215425489965128,quda,on,6.147449926210113e-07,v100__16x32x32x48__c64__l3__trace-on
True,v100,88.0,16x32x32x48,3,steady,c64,0,0.39117750799050555,quda,on,6.147449926210113e-07,v100__16x32x32x48__c64__l3__trace-on
True,v100,88.0,16x32x32x48,3,steady,c64,1,0.4275260320137022,quda,on,6.147449926210113e-07,v100__16x32x32x48__c64__l3__trace-on
True,v100,88.0,16x32x32x48,3,steady,c64,2,0.38825272100802977,quda,on,6.147449926210113e-07,v100__16x32x32x48__c64__l3__trace-on
True,v100,88.0,16x32x32x48,3,steady,c64,3,0.4120427409943659,quda,on,6.147449926210113e-07,v100__16x32x32x48__c64__l3__trace-on
True,v100,88.0,16x32x32x48,3,steady,c64,4,0.48604577301011886,quda,on,6.147449926210113e-07,v100__16x32x32x48__c64__l3__trace-on
True,v100,123.0,8x8x8x16,1,cold,c128,0,0.4180691489891615,pyqcu,off,1.7274750183626116e-08,v100__8x8x8x16__c128__l1__trace-off
True,v100,123.0,8x8x8x16,1,warmup,c128,0,0.3754266140022082,pyqcu,off,1.7274750183626116e-08,v100__8x8x8x16__c128__l1__trace-off
True,v100,123.0,8x8x8x16,1,warmup,c128,1,0.36825061999843456,pyqcu,off,1.7274750183626116e-08,v100__8x8x8x16__c128__l1__trace-off
True,v100,123.0,8x8x8x16,1,steady,c128,0,0.4094425809889799,pyqcu,off,1.7274750183626116e-08,v100__8x8x8x16__c128__l1__trace-off
True,v100,123.0,8x8x8x16,1,steady,c128,1,0.5164065540011507,pyqcu,off,1.7274750183626116e-08,v100__8x8x8x16__c128__l1__trace-off
True,v100,123.0,8x8x8x16,1,steady,c128,2,0.39863728800264653,pyqcu,off,1.7274750183626116e-08,v100__8x8x8x16__c128__l1__trace-off
True,v100,123.0,8x8x8x16,1,steady,c128,3,0.3749699879990658,pyqcu,off,1.7274750183626116e-08,v100__8x8x8x16__c128__l1__trace-off
True,v100,123.0,8x8x8x16,1,steady,c128,4,0.5000210550060729,pyqcu,off,1.7274750183626116e-08,v100__8x8x8x16__c128__l1__trace-off
True,v100,93.0,8x8x8x16,1,cold,c128,0,0.1252550930075813,quda,off,1.8037317946544846e-08,v100__8x8x8x16__c128__l1__trace-off
True,v100,93.0,8x8x8x16,1,warmup,c128,0,0.17228459200123325,quda,off,1.8037317946544846e-08,v100__8x8x8x16__c128__l1__trace-off
True,v100,93.0,8x8x8x16,1,warmup,c128,1,0.1566283749998547,quda,off,1.8037317946544846e-08,v100__8x8x8x16__c128__l1__trace-off
True,v100,93.0,8x8x8x16,1,steady,c128,0,0.16184668100322597,quda,off,1.8037317946544846e-08,v100__8x8x8x16__c128__l1__trace-off
True,v100,93.0,8x8x8x16,1,steady,c128,1,0.1454658209986519,quda,off,1.8037317946544846e-08,v100__8x8x8x16__c128__l1__trace-off
True,v100,93.0,8x8x8x16,1,steady,c128,2,0.15881430299486965,quda,off,1.8037317946544846e-08,v100__8x8x8x16__c128__l1__trace-off
True,v100,93.0,8x8x8x16,1,steady,c128,3,0.1420660220028367,quda,off,1.8037317946544846e-08,v100__8x8x8x16__c128__l1__trace-off
True,v100,93.0,8x8x8x16,1,steady,c128,4,0.1462736679968657,quda,off,1.8037317946544846e-08,v100__8x8x8x16__c128__l1__trace-off
True,v100,123.0,8x8x8x16,1,cold,c128,0,0.3573886040103389,pyqcu,on,1.7274750183626116e-08,v100__8x8x8x16__c128__l1__trace-on
True,v100,123.0,8x8x8x16,1,warmup,c128,0,0.4615301529993303,pyqcu,on,1.7274750183626116e-08,v100__8x8x8x16__c128__l1__trace-on
True,v100,123.0,8x8x8x16,1,warmup,c128,1,0.4406861449970165,pyqcu,on,1.7274750183626116e-08,v100__8x8x8x16__c128__l1__trace-on
True,v100,123.0,8x8x8x16,1,steady,c128,0,0.40709129799506627,pyqcu,on,1.7274750183626116e-08,v100__8x8x8x16__c128__l1__trace-on
True,v100,123.0,8x8x8x16,1,steady,c128,1,0.40923672200005967,pyqcu,on,1.7274750183626116e-08,v100__8x8x8x16__c128__l1__trace-on
True,v100,123.0,8x8x8x16,1,steady,c128,2,0.3853014339983929,pyqcu,on,1.7274750183626116e-08,v100__8x8x8x16__c128__l1__trace-on
True,v100,123.0,8x8x8x16,1,steady,c128,3,0.44831448700279,pyqcu,on,1.7274750183626116e-08,v100__8x8x8x16__c128__l1__trace-on
True,v100,123.0,8x8x8x16,1,steady,c128,4,0.424856526995427,pyqcu,on,1.7274750183626116e-08,v100__8x8x8x16__c128__l1__trace-on
True,v100,93.0,8x8x8x16,1,cold,c128,0,0.12878289999207482,quda,on,1.8037317946544846e-08,v100__8x8x8x16__c128__l1__trace-on
True,v100,93.0,8x8x8x16,1,warmup,c128,0,0.13023960500140674,quda,on,1.8037317946544846e-08,v100__8x8x8x16__c128__l1__trace-on
True,v100,93.0,8x8x8x16,1,warmup,c128,1,0.12944636000611354,quda,on,1.8037317946544846e-08,v100__8x8x8x16__c128__l1__trace-on
True,v100,93.0,8x8x8x16,1,steady,c128,0,0.1226806760096224,quda,on,1.8037317946544846e-08,v100__8x8x8x16__c128__l1__trace-on
True,v100,93.0,8x8x8x16,1,steady,c128,1,0.14878856000723317,quda,on,1.8037317946544846e-08,v100__8x8x8x16__c128__l1__trace-on
True,v100,93.0,8x8x8x16,1,steady,c128,2,0.17728447999979835,quda,on,1.8037317946544846e-08,v100__8x8x8x16__c128__l1__trace-on
True,v100,93.0,8x8x8x16,1,steady,c128,3,0.12193363301048521,quda,on,1.8037317946544846e-08,v100__8x8x8x16__c128__l1__trace-on
True,v100,93.0,8x8x8x16,1,steady,c128,4,0.12135410000337288,quda,on,1.8037317946544846e-08,v100__8x8x8x16__c128__l1__trace-on
True,v100,123.0,8x8x8x16,2,cold,c128,0,0.4180691489891615,pyqcu,off,1.7274750183626116e-08,v100__8x8x8x16__c128__l2__trace-off
True,v100,123.0,8x8x8x16,2,warmup,c128,0,0.3754266140022082,pyqcu,off,1.7274750183626116e-08,v100__8x8x8x16__c128__l2__trace-off
True,v100,123.0,8x8x8x16,2,warmup,c128,1,0.36825061999843456,pyqcu,off,1.7274750183626116e-08,v100__8x8x8x16__c128__l2__trace-off
True,v100,123.0,8x8x8x16,2,steady,c128,0,0.4094425809889799,pyqcu,off,1.7274750183626116e-08,v100__8x8x8x16__c128__l2__trace-off
True,v100,123.0,8x8x8x16,2,steady,c128,1,0.5164065540011507,pyqcu,off,1.7274750183626116e-08,v100__8x8x8x16__c128__l2__trace-off
True,v100,123.0,8x8x8x16,2,steady,c128,2,0.39863728800264653,pyqcu,off,1.7274750183626116e-08,v100__8x8x8x16__c128__l2__trace-off
True,v100,123.0,8x8x8x16,2,steady,c128,3,0.3749699879990658,pyqcu,off,1.7274750183626116e-08,v100__8x8x8x16__c128__l2__trace-off
True,v100,123.0,8x8x8x16,2,steady,c128,4,0.5000210550060729,pyqcu,off,1.7274750183626116e-08,v100__8x8x8x16__c128__l2__trace-off
True,v100,93.0,8x8x8x16,2,cold,c128,0,0.1252550930075813,quda,off,1.8037317946544846e-08,v100__8x8x8x16__c128__l2__trace-off
True,v100,93.0,8x8x8x16,2,warmup,c128,0,0.17228459200123325,quda,off,1.8037317946544846e-08,v100__8x8x8x16__c128__l2__trace-off
True,v100,93.0,8x8x8x16,2,warmup,c128,1,0.1566283749998547,quda,off,1.8037317946544846e-08,v100__8x8x8x16__c128__l2__trace-off
True,v100,93.0,8x8x8x16,2,steady,c128,0,0.16184668100322597,quda,off,1.8037317946544846e-08,v100__8x8x8x16__c128__l2__trace-off
True,v100,93.0,8x8x8x16,2,steady,c128,1,0.1454658209986519,quda,off,1.8037317946544846e-08,v100__8x8x8x16__c128__l2__trace-off
True,v100,93.0,8x8x8x16,2,steady,c128,2,0.15881430299486965,quda,off,1.8037317946544846e-08,v100__8x8x8x16__c128__l2__trace-off
True,v100,93.0,8x8x8x16,2,steady,c128,3,0.1420660220028367,quda,off,1.8037317946544846e-08,v100__8x8x8x16__c128__l2__trace-off
True,v100,93.0,8x8x8x16,2,steady,c128,4,0.1462736679968657,quda,off,1.8037317946544846e-08,v100__8x8x8x16__c128__l2__trace-off
True,v100,123.0,8x8x8x16,2,cold,c128,0,0.3573886040103389,pyqcu,on,1.7274750183626116e-08,v100__8x8x8x16__c128__l2__trace-on
True,v100,123.0,8x8x8x16,2,warmup,c128,0,0.4615301529993303,pyqcu,on,1.7274750183626116e-08,v100__8x8x8x16__c128__l2__trace-on
True,v100,123.0,8x8x8x16,2,warmup,c128,1,0.4406861449970165,pyqcu,on,1.7274750183626116e-08,v100__8x8x8x16__c128__l2__trace-on
True,v100,123.0,8x8x8x16,2,steady,c128,0,0.40709129799506627,pyqcu,on,1.7274750183626116e-08,v100__8x8x8x16__c128__l2__trace-on
True,v100,123.0,8x8x8x16,2,steady,c128,1,0.40923672200005967,pyqcu,on,1.7274750183626116e-08,v100__8x8x8x16__c128__l2__trace-on
True,v100,123.0,8x8x8x16,2,steady,c128,2,0.3853014339983929,pyqcu,on,1.7274750183626116e-08,v100__8x8x8x16__c128__l2__trace-on
True,v100,123.0,8x8x8x16,2,steady,c128,3,0.44831448700279,pyqcu,on,1.7274750183626116e-08,v100__8x8x8x16__c128__l2__trace-on
True,v100,123.0,8x8x8x16,2,steady,c128,4,0.424856526995427,pyqcu,on,1.7274750183626116e-08,v100__8x8x8x16__c128__l2__trace-on
True,v100,93.0,8x8x8x16,2,cold,c128,0,0.12878289999207482,quda,on,1.8037317946544846e-08,v100__8x8x8x16__c128__l2__trace-on
True,v100,93.0,8x8x8x16,2,warmup,c128,0,0.13023960500140674,quda,on,1.8037317946544846e-08,v100__8x8x8x16__c128__l2__trace-on
True,v100,93.0,8x8x8x16,2,warmup,c128,1,0.12944636000611354,quda,on,1.8037317946544846e-08,v100__8x8x8x16__c128__l2__trace-on
True,v100,93.0,8x8x8x16,2,steady,c128,0,0.1226806760096224,quda,on,1.8037317946544846e-08,v100__8x8x8x16__c128__l2__trace-on
True,v100,93.0,8x8x8x16,2,steady,c128,1,0.14878856000723317,quda,on,1.8037317946544846e-08,v100__8x8x8x16__c128__l2__trace-on
True,v100,93.0,8x8x8x16,2,steady,c128,2,0.17728447999979835,quda,on,1.8037317946544846e-08,v100__8x8x8x16__c128__l2__trace-on
True,v100,93.0,8x8x8x16,2,steady,c128,3,0.12193363301048521,quda,on,1.8037317946544846e-08,v100__8x8x8x16__c128__l2__trace-on
True,v100,93.0,8x8x8x16,2,steady,c128,4,0.12135410000337288,quda,on,1.8037317946544846e-08,v100__8x8x8x16__c128__l2__trace-on
True,v100,123.0,8x8x8x16,3,cold,c128,0,0.528618890006328,pyqcu,off,1.7274750183626116e-08,v100__8x8x8x16__c128__l3__trace-off
True,v100,123.0,8x8x8x16,3,warmup,c128,0,0.5474330980068771,pyqcu,off,1.7274750183626116e-08,v100__8x8x8x16__c128__l3__trace-off
True,v100,123.0,8x8x8x16,3,warmup,c128,1,0.4716649449983379,pyqcu,off,1.7274750183626116e-08,v100__8x8x8x16__c128__l3__trace-off
True,v100,123.0,8x8x8x16,3,steady,c128,0,0.5273062890046276,pyqcu,off,1.7274750183626116e-08,v100__8x8x8x16__c128__l3__trace-off
True,v100,123.0,8x8x8x16,3,steady,c128,1,0.38374826101062354,pyqcu,off,1.7274750183626116e-08,v100__8x8x8x16__c128__l3__trace-off
True,v100,123.0,8x8x8x16,3,steady,c128,2,0.3568187430064427,pyqcu,off,1.7274750183626116e-08,v100__8x8x8x16__c128__l3__trace-off
True,v100,123.0,8x8x8x16,3,steady,c128,3,0.3440038730041124,pyqcu,off,1.7274750183626116e-08,v100__8x8x8x16__c128__l3__trace-off
True,v100,123.0,8x8x8x16,3,steady,c128,4,0.33010563800053205,pyqcu,off,1.7274750183626116e-08,v100__8x8x8x16__c128__l3__trace-off
True,v100,93.0,8x8x8x16,3,cold,c128,0,0.15555062700877897,quda,off,1.8037317946544846e-08,v100__8x8x8x16__c128__l3__trace-off
True,v100,93.0,8x8x8x16,3,warmup,c128,0,0.12837378500262275,quda,off,1.8037317946544846e-08,v100__8x8x8x16__c128__l3__trace-off
True,v100,93.0,8x8x8x16,3,warmup,c128,1,0.1253908130020136,quda,off,1.8037317946544846e-08,v100__8x8x8x16__c128__l3__trace-off
True,v100,93.0,8x8x8x16,3,steady,c128,0,0.13635464399703778,quda,off,1.8037317946544846e-08,v100__8x8x8x16__c128__l3__trace-off
True,v100,93.0,8x8x8x16,3,steady,c128,1,0.12781065299350303,quda,off,1.8037317946544846e-08,v100__8x8x8x16__c128__l3__trace-off
True,v100,93.0,8x8x8x16,3,steady,c128,2,0.12990957300644368,quda,off,1.8037317946544846e-08,v100__8x8x8x16__c128__l3__trace-off
True,v100,93.0,8x8x8x16,3,steady,c128,3,0.13011838500096928,quda,off,1.8037317946544846e-08,v100__8x8x8x16__c128__l3__trace-off
True,v100,93.0,8x8x8x16,3,steady,c128,4,0.1279378599865595,quda,off,1.8037317946544846e-08,v100__8x8x8x16__c128__l3__trace-off
True,v100,123.0,8x8x8x16,3,cold,c128,0,0.5494640569959302,pyqcu,on,1.7274750183626116e-08,v100__8x8x8x16__c128__l3__trace-on
True,v100,123.0,8x8x8x16,3,warmup,c128,0,0.5408320870046737,pyqcu,on,1.7274750183626116e-08,v100__8x8x8x16__c128__l3__trace-on
True,v100,123.0,8x8x8x16,3,warmup,c128,1,0.4016487570042955,pyqcu,on,1.7274750183626116e-08,v100__8x8x8x16__c128__l3__trace-on
True,v100,123.0,8x8x8x16,3,steady,c128,0,0.36143399799766485,pyqcu,on,1.7274750183626116e-08,v100__8x8x8x16__c128__l3__trace-on
True,v100,123.0,8x8x8x16,3,steady,c128,1,0.35861976799787953,pyqcu,on,1.7274750183626116e-08,v100__8x8x8x16__c128__l3__trace-on
True,v100,123.0,8x8x8x16,3,steady,c128,2,0.38363102500443347,pyqcu,on,1.7274750183626116e-08,v100__8x8x8x16__c128__l3__trace-on
True,v100,123.0,8x8x8x16,3,steady,c128,3,0.35130607000610325,pyqcu,on,1.7274750183626116e-08,v100__8x8x8x16__c128__l3__trace-on
True,v100,123.0,8x8x8x16,3,steady,c128,4,0.3588039760070387,pyqcu,on,1.7274750183626116e-08,v100__8x8x8x16__c128__l3__trace-on
True,v100,93.0,8x8x8x16,3,cold,c128,0,0.13054782200197224,quda,on,1.8037317946544846e-08,v100__8x8x8x16__c128__l3__trace-on
True,v100,93.0,8x8x8x16,3,warmup,c128,0,0.14594200999999885,quda,on,1.8037317946544846e-08,v100__8x8x8x16__c128__l3__trace-on
True,v100,93.0,8x8x8x16,3,warmup,c128,1,0.15750216798915062,quda,on,1.8037317946544846e-08,v100__8x8x8x16__c128__l3__trace-on
True,v100,93.0,8x8x8x16,3,steady,c128,0,0.13764793799782638,quda,on,1.8037317946544846e-08,v100__8x8x8x16__c128__l3__trace-on
True,v100,93.0,8x8x8x16,3,steady,c128,1,0.14915179199306294,quda,on,1.8037317946544846e-08,v100__8x8x8x16__c128__l3__trace-on
True,v100,93.0,8x8x8x16,3,steady,c128,2,0.12289909798710141,quda,on,1.8037317946544846e-08,v100__8x8x8x16__c128__l3__trace-on
True,v100,93.0,8x8x8x16,3,steady,c128,3,0.13078364700777456,quda,on,1.8037317946544846e-08,v100__8x8x8x16__c128__l3__trace-on
True,v100,93.0,8x8x8x16,3,steady,c128,4,0.1325246460037306,quda,on,1.8037317946544846e-08,v100__8x8x8x16__c128__l3__trace-on
True,v100,91.0,8x8x8x16,1,cold,c64,0,0.21725666700513102,pyqcu,off,6.88093633114058e-07,v100__8x8x8x16__c64__l1__trace-off
True,v100,91.0,8x8x8x16,1,warmup,c64,0,0.20566652099660132,pyqcu,off,6.88093633114058e-07,v100__8x8x8x16__c64__l1__trace-off
True,v100,91.0,8x8x8x16,1,warmup,c64,1,0.19618722899758723,pyqcu,off,6.88093633114058e-07,v100__8x8x8x16__c64__l1__trace-off
True,v100,91.0,8x8x8x16,1,steady,c64,0,0.22327045000565704,pyqcu,off,6.88093633114058e-07,v100__8x8x8x16__c64__l1__trace-off
True,v100,91.0,8x8x8x16,1,steady,c64,1,0.21014220699726138,pyqcu,off,6.88093633114058e-07,v100__8x8x8x16__c64__l1__trace-off
True,v100,91.0,8x8x8x16,1,steady,c64,2,0.2047480839974014,pyqcu,off,6.88093633114058e-07,v100__8x8x8x16__c64__l1__trace-off
True,v100,91.0,8x8x8x16,1,steady,c64,3,0.19968497400986962,pyqcu,off,6.88093633114058e-07,v100__8x8x8x16__c64__l1__trace-off
True,v100,91.0,8x8x8x16,1,steady,c64,4,0.19613502600986976,pyqcu,off,6.88093633114058e-07,v100__8x8x8x16__c64__l1__trace-off
True,v100,68.0,8x8x8x16,1,cold,c64,0,0.2801846079964889,quda,off,2.9542105050682294e-07,v100__8x8x8x16__c64__l1__trace-off
True,v100,68.0,8x8x8x16,1,warmup,c64,0,0.27360605298599694,quda,off,2.9542105050682294e-07,v100__8x8x8x16__c64__l1__trace-off
True,v100,68.0,8x8x8x16,1,warmup,c64,1,0.06507881799188908,quda,off,2.9542105050682294e-07,v100__8x8x8x16__c64__l1__trace-off
True,v100,68.0,8x8x8x16,1,steady,c64,0,0.06852472100581508,quda,off,2.9542105050682294e-07,v100__8x8x8x16__c64__l1__trace-off
True,v100,68.0,8x8x8x16,1,steady,c64,1,0.06778667798789684,quda,off,2.9542105050682294e-07,v100__8x8x8x16__c64__l1__trace-off
True,v100,68.0,8x8x8x16,1,steady,c64,2,0.06681882099655923,quda,off,2.9542105050682294e-07,v100__8x8x8x16__c64__l1__trace-off
True,v100,68.0,8x8x8x16,1,steady,c64,3,0.06732985000417102,quda,off,2.9542105050682294e-07,v100__8x8x8x16__c64__l1__trace-off
True,v100,68.0,8x8x8x16,1,steady,c64,4,0.06731474900152534,quda,off,2.9542105050682294e-07,v100__8x8x8x16__c64__l1__trace-off
True,v100,91.0,8x8x8x16,1,cold,c64,0,0.22493711499555502,pyqcu,on,6.88093633114058e-07,v100__8x8x8x16__c64__l1__trace-on
True,v100,91.0,8x8x8x16,1,warmup,c64,0,0.2235927160072606,pyqcu,on,6.88093633114058e-07,v100__8x8x8x16__c64__l1__trace-on
True,v100,91.0,8x8x8x16,1,warmup,c64,1,0.19850937199953478,pyqcu,on,6.88093633114058e-07,v100__8x8x8x16__c64__l1__trace-on
True,v100,91.0,8x8x8x16,1,steady,c64,0,0.19986652200168464,pyqcu,on,6.88093633114058e-07,v100__8x8x8x16__c64__l1__trace-on
True,v100,91.0,8x8x8x16,1,steady,c64,1,0.20380517099692952,pyqcu,on,6.88093633114058e-07,v100__8x8x8x16__c64__l1__trace-on
True,v100,91.0,8x8x8x16,1,steady,c64,2,0.19738992999191396,pyqcu,on,6.88093633114058e-07,v100__8x8x8x16__c64__l1__trace-on
True,v100,91.0,8x8x8x16,1,steady,c64,3,0.23187746900657658,pyqcu,on,6.88093633114058e-07,v100__8x8x8x16__c64__l1__trace-on
True,v100,91.0,8x8x8x16,1,steady,c64,4,0.23922045300423633,pyqcu,on,6.88093633114058e-07,v100__8x8x8x16__c64__l1__trace-on
True,v100,68.0,8x8x8x16,1,cold,c64,0,0.3256985829939367,quda,on,2.9542105050682294e-07,v100__8x8x8x16__c64__l1__trace-on
True,v100,68.0,8x8x8x16,1,warmup,c64,0,0.3172241969878087,quda,on,2.9542105050682294e-07,v100__8x8x8x16__c64__l1__trace-on
True,v100,68.0,8x8x8x16,1,warmup,c64,1,0.07975619999342598,quda,on,2.9542105050682294e-07,v100__8x8x8x16__c64__l1__trace-on
True,v100,68.0,8x8x8x16,1,steady,c64,0,0.08160871001018677,quda,on,2.9542105050682294e-07,v100__8x8x8x16__c64__l1__trace-on
True,v100,68.0,8x8x8x16,1,steady,c64,1,0.08359112701145932,quda,on,2.9542105050682294e-07,v100__8x8x8x16__c64__l1__trace-on
True,v100,68.0,8x8x8x16,1,steady,c64,2,0.08555294200778008,quda,on,2.9542105050682294e-07,v100__8x8x8x16__c64__l1__trace-on
True,v100,68.0,8x8x8x16,1,steady,c64,3,0.08212294000259135,quda,on,2.9542105050682294e-07,v100__8x8x8x16__c64__l1__trace-on
True,v100,68.0,8x8x8x16,1,steady,c64,4,0.08463128800212871,quda,on,2.9542105050682294e-07,v100__8x8x8x16__c64__l1__trace-on
True,v100,91.0,8x8x8x16,2,cold,c64,0,0.21725666700513102,pyqcu,off,6.88093633114058e-07,v100__8x8x8x16__c64__l2__trace-off
True,v100,91.0,8x8x8x16,2,warmup,c64,0,0.20566652099660132,pyqcu,off,6.88093633114058e-07,v100__8x8x8x16__c64__l2__trace-off
True,v100,91.0,8x8x8x16,2,warmup,c64,1,0.19618722899758723,pyqcu,off,6.88093633114058e-07,v100__8x8x8x16__c64__l2__trace-off
True,v100,91.0,8x8x8x16,2,steady,c64,0,0.22327045000565704,pyqcu,off,6.88093633114058e-07,v100__8x8x8x16__c64__l2__trace-off
True,v100,91.0,8x8x8x16,2,steady,c64,1,0.21014220699726138,pyqcu,off,6.88093633114058e-07,v100__8x8x8x16__c64__l2__trace-off
True,v100,91.0,8x8x8x16,2,steady,c64,2,0.2047480839974014,pyqcu,off,6.88093633114058e-07,v100__8x8x8x16__c64__l2__trace-off
True,v100,91.0,8x8x8x16,2,steady,c64,3,0.19968497400986962,pyqcu,off,6.88093633114058e-07,v100__8x8x8x16__c64__l2__trace-off
True,v100,91.0,8x8x8x16,2,steady,c64,4,0.19613502600986976,pyqcu,off,6.88093633114058e-07,v100__8x8x8x16__c64__l2__trace-off
True,v100,68.0,8x8x8x16,2,cold,c64,0,0.2801846079964889,quda,off,2.9542105050682294e-07,v100__8x8x8x16__c64__l2__trace-off
True,v100,68.0,8x8x8x16,2,warmup,c64,0,0.27360605298599694,quda,off,2.9542105050682294e-07,v100__8x8x8x16__c64__l2__trace-off
True,v100,68.0,8x8x8x16,2,warmup,c64,1,0.06507881799188908,quda,off,2.9542105050682294e-07,v100__8x8x8x16__c64__l2__trace-off
True,v100,68.0,8x8x8x16,2,steady,c64,0,0.06852472100581508,quda,off,2.9542105050682294e-07,v100__8x8x8x16__c64__l2__trace-off
True,v100,68.0,8x8x8x16,2,steady,c64,1,0.06778667798789684,quda,off,2.9542105050682294e-07,v100__8x8x8x16__c64__l2__trace-off
True,v100,68.0,8x8x8x16,2,steady,c64,2,0.06681882099655923,quda,off,2.9542105050682294e-07,v100__8x8x8x16__c64__l2__trace-off
True,v100,68.0,8x8x8x16,2,steady,c64,3,0.06732985000417102,quda,off,2.9542105050682294e-07,v100__8x8x8x16__c64__l2__trace-off
True,v100,68.0,8x8x8x16,2,steady,c64,4,0.06731474900152534,quda,off,2.9542105050682294e-07,v100__8x8x8x16__c64__l2__trace-off
True,v100,91.0,8x8x8x16,2,cold,c64,0,0.22493711499555502,pyqcu,on,6.88093633114058e-07,v100__8x8x8x16__c64__l2__trace-on
True,v100,91.0,8x8x8x16,2,warmup,c64,0,0.2235927160072606,pyqcu,on,6.88093633114058e-07,v100__8x8x8x16__c64__l2__trace-on
True,v100,91.0,8x8x8x16,2,warmup,c64,1,0.19850937199953478,pyqcu,on,6.88093633114058e-07,v100__8x8x8x16__c64__l2__trace-on
True,v100,91.0,8x8x8x16,2,steady,c64,0,0.19986652200168464,pyqcu,on,6.88093633114058e-07,v100__8x8x8x16__c64__l2__trace-on
True,v100,91.0,8x8x8x16,2,steady,c64,1,0.20380517099692952,pyqcu,on,6.88093633114058e-07,v100__8x8x8x16__c64__l2__trace-on
True,v100,91.0,8x8x8x16,2,steady,c64,2,0.19738992999191396,pyqcu,on,6.88093633114058e-07,v100__8x8x8x16__c64__l2__trace-on
True,v100,91.0,8x8x8x16,2,steady,c64,3,0.23187746900657658,pyqcu,on,6.88093633114058e-07,v100__8x8x8x16__c64__l2__trace-on
True,v100,91.0,8x8x8x16,2,steady,c64,4,0.23922045300423633,pyqcu,on,6.88093633114058e-07,v100__8x8x8x16__c64__l2__trace-on
True,v100,68.0,8x8x8x16,2,cold,c64,0,0.3256985829939367,quda,on,2.9542105050682294e-07,v100__8x8x8x16__c64__l2__trace-on
True,v100,68.0,8x8x8x16,2,warmup,c64,0,0.3172241969878087,quda,on,2.9542105050682294e-07,v100__8x8x8x16__c64__l2__trace-on
True,v100,68.0,8x8x8x16,2,warmup,c64,1,0.07975619999342598,quda,on,2.9542105050682294e-07,v100__8x8x8x16__c64__l2__trace-on
True,v100,68.0,8x8x8x16,2,steady,c64,0,0.08160871001018677,quda,on,2.9542105050682294e-07,v100__8x8x8x16__c64__l2__trace-on
True,v100,68.0,8x8x8x16,2,steady,c64,1,0.08359112701145932,quda,on,2.9542105050682294e-07,v100__8x8x8x16__c64__l2__trace-on
True,v100,68.0,8x8x8x16,2,steady,c64,2,0.08555294200778008,quda,on,2.9542105050682294e-07,v100__8x8x8x16__c64__l2__trace-on
True,v100,68.0,8x8x8x16,2,steady,c64,3,0.08212294000259135,quda,on,2.9542105050682294e-07,v100__8x8x8x16__c64__l2__trace-on
True,v100,68.0,8x8x8x16,2,steady,c64,4,0.08463128800212871,quda,on,2.9542105050682294e-07,v100__8x8x8x16__c64__l2__trace-on
True,v100,91.0,8x8x8x16,3,cold,c64,0,0.2325847430038266,pyqcu,off,6.88093633114058e-07,v100__8x8x8x16__c64__l3__trace-off
True,v100,91.0,8x8x8x16,3,warmup,c64,0,0.3460589059977792,pyqcu,off,6.88093633114058e-07,v100__8x8x8x16__c64__l3__trace-off
True,v100,91.0,8x8x8x16,3,warmup,c64,1,0.3463863289944129,pyqcu,off,6.88093633114058e-07,v100__8x8x8x16__c64__l3__trace-off
True,v100,91.0,8x8x8x16,3,steady,c64,0,0.22986097699322272,pyqcu,off,6.88093633114058e-07,v100__8x8x8x16__c64__l3__trace-off
True,v100,91.0,8x8x8x16,3,steady,c64,1,0.19817523400706705,pyqcu,off,6.88093633114058e-07,v100__8x8x8x16__c64__l3__trace-off
True,v100,91.0,8x8x8x16,3,steady,c64,2,0.20883958900230937,pyqcu,off,6.88093633114058e-07,v100__8x8x8x16__c64__l3__trace-off
True,v100,91.0,8x8x8x16,3,steady,c64,3,0.22222953599703033,pyqcu,off,6.88093633114058e-07,v100__8x8x8x16__c64__l3__trace-off
True,v100,91.0,8x8x8x16,3,steady,c64,4,0.2255899750016397,pyqcu,off,6.88093633114058e-07,v100__8x8x8x16__c64__l3__trace-off
True,v100,68.0,8x8x8x16,3,cold,c64,0,0.267419522991986,quda,off,2.9542105050682294e-07,v100__8x8x8x16__c64__l3__trace-off
True,v100,68.0,8x8x8x16,3,warmup,c64,0,0.3135106549889315,quda,off,2.9542105050682294e-07,v100__8x8x8x16__c64__l3__trace-off
True,v100,68.0,8x8x8x16,3,warmup,c64,1,0.07177570200292394,quda,off,2.9542105050682294e-07,v100__8x8x8x16__c64__l3__trace-off
True,v100,68.0,8x8x8x16,3,steady,c64,0,0.07375731800857466,quda,off,2.9542105050682294e-07,v100__8x8x8x16__c64__l3__trace-off
True,v100,68.0,8x8x8x16,3,steady,c64,1,0.07135707700217608,quda,off,2.9542105050682294e-07,v100__8x8x8x16__c64__l3__trace-off
True,v100,68.0,8x8x8x16,3,steady,c64,2,0.07181530400703195,quda,off,2.9542105050682294e-07,v100__8x8x8x16__c64__l3__trace-off
True,v100,68.0,8x8x8x16,3,steady,c64,3,0.07226362999062985,quda,off,2.9542105050682294e-07,v100__8x8x8x16__c64__l3__trace-off
True,v100,68.0,8x8x8x16,3,steady,c64,4,0.07166749599855393,quda,off,2.9542105050682294e-07,v100__8x8x8x16__c64__l3__trace-off
True,v100,91.0,8x8x8x16,3,cold,c64,0,0.24439299499499612,pyqcu,on,6.88093633114058e-07,v100__8x8x8x16__c64__l3__trace-on
True,v100,91.0,8x8x8x16,3,warmup,c64,0,0.223146425007144,pyqcu,on,6.88093633114058e-07,v100__8x8x8x16__c64__l3__trace-on
True,v100,91.0,8x8x8x16,3,warmup,c64,1,0.22122560799471103,pyqcu,on,6.88093633114058e-07,v100__8x8x8x16__c64__l3__trace-on
True,v100,91.0,8x8x8x16,3,steady,c64,0,0.22698595900146756,pyqcu,on,6.88093633114058e-07,v100__8x8x8x16__c64__l3__trace-on
True,v100,91.0,8x8x8x16,3,steady,c64,1,0.23586540200631134,pyqcu,on,6.88093633114058e-07,v100__8x8x8x16__c64__l3__trace-on
True,v100,91.0,8x8x8x16,3,steady,c64,2,0.23850756300089415,pyqcu,on,6.88093633114058e-07,v100__8x8x8x16__c64__l3__trace-on
True,v100,91.0,8x8x8x16,3,steady,c64,3,0.35844408700359054,pyqcu,on,6.88093633114058e-07,v100__8x8x8x16__c64__l3__trace-on
True,v100,91.0,8x8x8x16,3,steady,c64,4,0.22024438699008897,pyqcu,on,6.88093633114058e-07,v100__8x8x8x16__c64__l3__trace-on
True,v100,68.0,8x8x8x16,3,cold,c64,0,0.2852045809995616,quda,on,2.9542105050682294e-07,v100__8x8x8x16__c64__l3__trace-on
True,v100,68.0,8x8x8x16,3,warmup,c64,0,0.2879265880037565,quda,on,2.9542105050682294e-07,v100__8x8x8x16__c64__l3__trace-on
True,v100,68.0,8x8x8x16,3,warmup,c64,1,0.07770981200155802,quda,on,2.9542105050682294e-07,v100__8x8x8x16__c64__l3__trace-on
True,v100,68.0,8x8x8x16,3,steady,c64,0,0.07981693701003678,quda,on,2.9542105050682294e-07,v100__8x8x8x16__c64__l3__trace-on
True,v100,68.0,8x8x8x16,3,steady,c64,1,0.07668995100539178,quda,on,2.9542105050682294e-07,v100__8x8x8x16__c64__l3__trace-on
True,v100,68.0,8x8x8x16,3,steady,c64,2,0.07736189098795876,quda,on,2.9542105050682294e-07,v100__8x8x8x16__c64__l3__trace-on
True,v100,68.0,8x8x8x16,3,steady,c64,3,0.0783350489946315,quda,on,2.9542105050682294e-07,v100__8x8x8x16__c64__l3__trace-on
True,v100,68.0,8x8x8x16,3,steady,c64,4,0.07955912200850435,quda,on,2.9542105050682294e-07,v100__8x8x8x16__c64__l3__trace-on
