converged,device,iterations,lattice,levels,phase,precision,sample,seconds,side,trace,true_residual,unit_id
,p100,129.0,16x16x16x16,1,cold,c128,0,2.7040871549979784,pyqcu,off,1.6782189572295156e-08,p100__16x16x16x16__c128__l1__trace-off
,p100,129.0,16x16x16x16,1,warmup,c128,0,2.508483993995469,pyqcu,off,1.6782189572295156e-08,p100__16x16x16x16__c128__l1__trace-off
,p100,129.0,16x16x16x16,1,warmup,c128,1,2.533660865999991,pyqcu,off,1.6782189572295156e-08,p100__16x16x16x16__c128__l1__trace-off
,p100,129.0,16x16x16x16,1,steady,c128,0,2.5362441219913308,pyqcu,off,1.6782189572295156e-08,p100__16x16x16x16__c128__l1__trace-off
,p100,129.0,16x16x16x16,1,steady,c128,1,2.539335467008641,pyqcu,off,1.6782189572295156e-08,p100__16x16x16x16__c128__l1__trace-off
,p100,129.0,16x16x16x16,1,steady,c128,2,2.5176990809995914,pyqcu,off,1.6782189572295156e-08,p100__16x16x16x16__c128__l1__trace-off
,p100,129.0,16x16x16x16,1,steady,c128,3,2.5266321759991115,pyqcu,off,1.6782189572295156e-08,p100__16x16x16x16__c128__l1__trace-off
,p100,129.0,16x16x16x16,1,steady,c128,4,2.5525395989971003,pyqcu,off,1.6782189572295156e-08,p100__16x16x16x16__c128__l1__trace-off
,p100,81.0,16x16x16x16,1,cold,c128,0,1.2211293580039637,quda,off,1.8334761338720516e-08,p100__16x16x16x16__c128__l1__trace-off
,p100,81.0,16x16x16x16,1,warmup,c128,0,0.6424146049976116,quda,off,1.8334761338720516e-08,p100__16x16x16x16__c128__l1__trace-off
,p100,81.0,16x16x16x16,1,warmup,c128,1,0.6453695430100197,quda,off,1.8334761338720516e-08,p100__16x16x16x16__c128__l1__trace-off
,p100,81.0,16x16x16x16,1,steady,c128,0,0.6276853180024773,quda,off,1.8334761338720516e-08,p100__16x16x16x16__c128__l1__trace-off
,p100,81.0,16x16x16x16,1,steady,c128,1,0.7241271620005136,quda,off,1.8334761338720516e-08,p100__16x16x16x16__c128__l1__trace-off
,p100,81.0,16x16x16x16,1,steady,c128,2,0.619254778008326,quda,off,1.8334761338720516e-08,p100__16x16x16x16__c128__l1__trace-off
,p100,81.0,16x16x16x16,1,steady,c128,3,0.6459876760054613,quda,off,1.8334761338720516e-08,p100__16x16x16x16__c128__l1__trace-off
,p100,81.0,16x16x16x16,1,steady,c128,4,0.6283350529993186,quda,off,1.8334761338720516e-08,p100__16x16x16x16__c128__l1__trace-off
,p100,129.0,16x16x16x16,1,cold,c128,0,2.554112707002787,pyqcu,on,1.6782189572295156e-08,p100__16x16x16x16__c128__l1__trace-on
,p100,129.0,16x16x16x16,1,warmup,c128,0,2.58435931900749,pyqcu,on,1.6782189572295156e-08,p100__16x16x16x16__c128__l1__trace-on
,p100,129.0,16x16x16x16,1,warmup,c128,1,2.5237458479969064,pyqcu,on,1.6782189572295156e-08,p100__16x16x16x16__c128__l1__trace-on
,p100,129.0,16x16x16x16,1,steady,c128,0,2.5430704949976644,pyqcu,on,1.6782189572295156e-08,p100__16x16x16x16__c128__l1__trace-on
,p100,129.0,16x16x16x16,1,steady,c128,1,2.534761898990837,pyqcu,on,1.6782189572295156e-08,p100__16x16x16x16__c128__l1__trace-on
,p100,129.0,16x16x16x16,1,steady,c128,2,2.503232704999391,pyqcu,on,1.6782189572295156e-08,p100__16x16x16x16__c128__l1__trace-on
,p100,129.0,16x16x16x16,1,steady,c128,3,2.5460086570092244,pyqcu,on,1.6782189572295156e-08,p100__16x16x16x16__c128__l1__trace-on
,p100,129.0,16x16x16x16,1,steady,c128,4,2.5198626369965496,pyqcu,on,1.6782189572295156e-08,p100__16x16x16x16__c128__l1__trace-on
,p100,81.0,16x16x16x16,1,cold,c128,0,0.6545739580033114,quda,on,1.8334761338720516e-08,p100__16x16x16x16__c128__l1__trace-on
,p100,81.0,16x16x16x16,1,warmup,c128,0,0.6451498640089994,quda,on,1.8334761338720516e-08,p100__16x16x16x16__c128__l1__trace-on
,p100,81.0,16x16x16x16,1,warmup,c128,1,0.6178989330073819,quda,on,1.8334761338720516e-08,p100__16x16x16x16__c128__l1__trace-on
,p100,81.0,16x16x16x16,1,steady,c128,0,0.6464920400030678,quda,on,1.8334761338720516e-08,p100__16x16x16x16__c128__l1__trace-on
,p100,81.0,16x16x16x16,1,steady,c128,1,0.6290804349991959,quda,on,1.8334761338720516e-08,p100__16x16x16x16__c128__l1__trace-on
,p100,81.0,16x16x16x16,1,steady,c128,2,0.6581358090043068,quda,on,1.8334761338720516e-08,p100__16x16x16x16__c128__l1__trace-on
,p100,81.0,16x16x16x16,1,steady,c128,3,0.6144644939922728,quda,on,1.8334761338720516e-08,p100__16x16x16x16__c128__l1__trace-on
,p100,81.0,16x16x16x16,1,steady,c128,4,0.6486111609992804,quda,on,1.8334761338720516e-08,p100__16x16x16x16__c128__l1__trace-on
,p100,129.0,16x16x16x16,2,cold,c128,0,2.7040871549979784,pyqcu,off,1.6782189572295156e-08,p100__16x16x16x16__c128__l2__trace-off
,p100,129.0,16x16x16x16,2,warmup,c128,0,2.508483993995469,pyqcu,off,1.6782189572295156e-08,p100__16x16x16x16__c128__l2__trace-off
,p100,129.0,16x16x16x16,2,warmup,c128,1,2.533660865999991,pyqcu,off,1.6782189572295156e-08,p100__16x16x16x16__c128__l2__trace-off
,p100,129.0,16x16x16x16,2,steady,c128,0,2.5362441219913308,pyqcu,off,1.6782189572295156e-08,p100__16x16x16x16__c128__l2__trace-off
,p100,129.0,16x16x16x16,2,steady,c128,1,2.539335467008641,pyqcu,off,1.6782189572295156e-08,p100__16x16x16x16__c128__l2__trace-off
,p100,129.0,16x16x16x16,2,steady,c128,2,2.5176990809995914,pyqcu,off,1.6782189572295156e-08,p100__16x16x16x16__c128__l2__trace-off
,p100,129.0,16x16x16x16,2,steady,c128,3,2.5266321759991115,pyqcu,off,1.6782189572295156e-08,p100__16x16x16x16__c128__l2__trace-off
,p100,129.0,16x16x16x16,2,steady,c128,4,2.5525395989971003,pyqcu,off,1.6782189572295156e-08,p100__16x16x16x16__c128__l2__trace-off
,p100,81.0,16x16x16x16,2,cold,c128,0,1.2211293580039637,quda,off,1.8334761338720516e-08,p100__16x16x16x16__c128__l2__trace-off
,p100,81.0,16x16x16x16,2,warmup,c128,0,0.6424146049976116,quda,off,1.8334761338720516e-08,p100__16x16x16x16__c128__l2__trace-off
,p100,81.0,16x16x16x16,2,warmup,c128,1,0.6453695430100197,quda,off,1.8334761338720516e-08,p100__16x16x16x16__c128__l2__trace-off
,p100,81.0,16x16x16x16,2,steady,c128,0,0.6276853180024773,quda,off,1.8334761338720516e-08,p100__16x16x16x16__c128__l2__trace-off
,p100,81.0,16x16x16x16,2,steady,c128,1,0.7241271620005136,quda,off,1.8334761338720516e-08,p100__16x16x16x16__c128__l2__trace-off
,p100,81.0,16x16x16x16,2,steady,c128,2,0.619254778008326,quda,off,1.8334761338720516e-08,p100__16x16x16x16__c128__l2__trace-off
,p100,81.0,16x16x16x16,2,steady,c128,3,0.6459876760054613,quda,off,1.8334761338720516e-08,p100__16x16x16x16__c128__l2__trace-off
,p100,81.0,16x16x16x16,2,steady,c128,4,0.6283350529993186,quda,off,1.8334761338720516e-08,p100__16x16x16x16__c128__l2__trace-off
,p100,129.0,16x16x16x16,2,cold,c128,0,2.554112707002787,pyqcu,on,1.6782189572295156e-08,p100__16x16x16x16__c128__l2__trace-on
,p100,129.0,16x16x16x16,2,warmup,c128,0,2.58435931900749,pyqcu,on,1.6782189572295156e-08,p100__16x16x16x16__c128__l2__trace-on
,p100,129.0,16x16x16x16,2,warmup,c128,1,2.5237458479969064,pyqcu,on,1.6782189572295156e-08,p100__16x16x16x16__c128__l2__trace-on
,p100,129.0,16x16x16x16,2,steady,c128,0,2.5430704949976644,pyqcu,on,1.6782189572295156e-08,p100__16x16x16x16__c128__l2__trace-on
,p100,129.0,16x16x16x16,2,steady,c128,1,2.534761898990837,pyqcu,on,1.6782189572295156e-08,p100__16x16x16x16__c128__l2__trace-on
,p100,129.0,16x16x16x16,2,steady,c128,2,2.503232704999391,pyqcu,on,1.6782189572295156e-08,p100__16x16x16x16__c128__l2__trace-on
,p100,129.0,16x16x16x16,2,steady,c128,3,2.5460086570092244,pyqcu,on,1.6782189572295156e-08,p100__16x16x16x16__c128__l2__trace-on
,p100,129.0,16x16x16x16,2,steady,c128,4,2.5198626369965496,pyqcu,on,1.6782189572295156e-08,p100__16x16x16x16__c128__l2__trace-on
,p100,81.0,16x16x16x16,2,cold,c128,0,0.6545739580033114,quda,on,1.8334761338720516e-08,p100__16x16x16x16__c128__l2__trace-on
,p100,81.0,16x16x16x16,2,warmup,c128,0,0.6451498640089994,quda,on,1.8334761338720516e-08,p100__16x16x16x16__c128__l2__trace-on
,p100,81.0,16x16x16x16,2,warmup,c128,1,0.6178989330073819,quda,on,1.8334761338720516e-08,p100__16x16x16x16__c128__l2__trace-on
,p100,81.0,16x16x16x16,2,steady,c128,0,0.6464920400030678,quda,on,1.8334761338720516e-08,p100__16x16x16x16__c128__l2__trace-on
,p100,81.0,16x16x16x16,2,steady,c128,1,0.6290804349991959,quda,on,1.8334761338720516e-08,p100__16x16x16x16__c128__l2__trace-on
,p100,81.0,16x16x16x16,2,steady,c128,2,0.6581358090043068,quda,on,1.8334761338720516e-08,p100__16x16x16x16__c128__l2__trace-on
,p100,81.0,16x16x16x16,2,steady,c128,3,0.6144644939922728,quda,on,1.8334761338720516e-08,p100__16x16x16x16__c128__l2__trace-on
,p100,81.0,16x16x16x16,2,steady,c128,4,0.6486111609992804,quda,on,1.8334761338720516e-08,p100__16x16x16x16__c128__l2__trace-on
,p100,129.0,16x16x16x16,3,cold,c128,0,2.538272796999081,pyqcu,off,1.6782189572295156e-08,p100__16x16x16x16__c128__l3__trace-off
,p100,129.0,16x16x16x16,3,warmup,c128,0,2.558024778991239,pyqcu,off,1.6782189572295156e-08,p100__16x16x16x16__c128__l3__trace-off
,p100,129.0,16x16x16x16,3,warmup,c128,1,2.5162786220025737,pyqcu,off,1.6782189572295156e-08,p100__16x16x16x16__c128__l3__trace-off
,p100,129.0,16x16x16x16,3,steady,c128,0,2.5148674689990003,pyqcu,off,1.6782189572295156e-08,p100__16x16x16x16__c128__l3__trace-off
,p100,129.0,16x16x16x16,3,steady,c128,1,2.5152883940027095,pyqcu,off,1.6782189572295156e-08,p100__16x16x16x16__c128__l3__trace-off
,p100,129.0,16x16x16x16,3,steady,c128,2,2.517731107000145,pyqcu,off,1.6782189572295156e-08,p100__16x16x16x16__c128__l3__trace-off
,p100,129.0,16x16x16x16,3,steady,c128,3,2.505900518008275,pyqcu,off,1.6782189572295156e-08,p100__16x16x16x16__c128__l3__trace-off
,p100,129.0,16x16x16x16,3,steady,c128,4,2.4901992049999535,pyqcu,off,1.6782189572295156e-08,p100__16x16x16x16__c128__l3__trace-off
,p100,81.0,16x16x16x16,3,cold,c128,0,0.6824785679928027,quda,off,1.8334761338720516e-08,p100__16x16x16x16__c128__l3__trace-off
,p100,81.0,16x16x16x16,3,warmup,c128,0,0.6211809660017025,quda,off,1.8334761338720516e-08,p100__16x16x16x16__c128__l3__trace-off
,p100,81.0,16x16x16x16,3,warmup,c128,1,0.6363645240053302,quda,off,1.8334761338720516e-08,p100__16x16x16x16__c128__l3__trace-off
,p100,81.0,16x16x16x16,3,steady,c128,0,0.609552210997208,quda,off,1.8334761338720516e-08,p100__16x16x16x16__c128__l3__trace-off
,p100,81.0,16x16x16x16,3,steady,c128,1,0.6493658580002375,quda,off,1.8334761338720516e-08,p100__16x16x16x16__c128__l3__trace-off
,p100,81.0,16x16x16x16,3,steady,c128,2,0.6235323989967583,quda,off,1.8334761338720516e-08,p100__16x16x16x16__c128__l3__trace-off
,p100,81.0,16x16x16x16,3,steady,c128,3,0.6535991970013129,quda,off,1.8334761338720516e-08,p100__16x16x16x16__c128__l3__trace-off
,p100,81.0,16x16x16x16,3,steady,c128,4,0.6284228000004077,quda,off,1.8334761338720516e-08,p100__16x16x16x16__c128__l3__trace-off
,p100,129.0,16x16x16x16,3,cold,c128,0,2.488270106012351,pyqcu,on,1.6782189572295156e-08,p100__16x16x16x16__c128__l3__trace-on
,p100,129.0,16x16x16x16,3,warmup,c128,0,2.5275243439973565,pyqcu,on,1.6782189572295156e-08,p100__16x16x16x16__c128__l3__trace-on
,p100,129.0,16x16x16x16,3,warmup,c128,1,2.4988436040002853,pyqcu,on,1.6782189572295156e-08,p100__16x16x16x16__c128__l3__trace-on
,p100,129.0,16x16x16x16,3,steady,c128,0,2.558307490005973,pyqcu,on,1.6782189572295156e-08,p100__16x16x16x16__c128__l3__trace-on
,p100,129.0,16x16x16x16,3,steady,c128,1,2.5083689660095843,pyqcu,on,1.6782189572295156e-08,p100__16x16x16x16__c128__l3__trace-on
,p100,129.0,16x16x16x16,3,steady,c128,2,2.5381798169983085,pyqcu,on,1.6782189572295156e-08,p100__16x16x16x16__c128__l3__trace-on
,p100,129.0,16x16x16x16,3,steady,c128,3,2.5061351869953796,pyqcu,on,1.6782189572295156e-08,p100__16x16x16x16__c128__l3__trace-on
,p100,129.0,16x16x16x16,3,steady,c128,4,2.5286181130068144,pyqcu,on,1.6782189572295156e-08,p100__16x16x16x16__c128__l3__trace-on
,p100,81.0,16x16x16x16,3,cold,c128,0,0.6182915969984606,quda,on,1.8334761338720516e-08,p100__16x16x16x16__c128__l3__trace-on
,p100,81.0,16x16x16x16,3,warmup,c128,0,0.6299650349974399,quda,on,1.8334761338720516e-08,p100__16x16x16x16__c128__l3__trace-on
,p100,81.0,16x16x16x16,3,warmup,c128,1,0.6494116469984874,quda,on,1.8334761338720516e-08,p100__16x16x16x16__c128__l3__trace-on
,p100,81.0,16x16x16x16,3,steady,c128,0,0.630384859003243,quda,on,1.8334761338720516e-08,p100__16x16x16x16__c128__l3__trace-on
,p100,81.0,16x16x16x16,3,steady,c128,1,0.658931392012164,quda,on,1.8334761338720516e-08,p100__16x16x16x16__c128__l3__trace-on
,p100,81.0,16x16x16x16,3,steady,c128,2,0.6242249059869209,quda,on,1.8334761338720516e-08,p100__16x16x16x16__c128__l3__trace-on
,p100,81.0,16x16x16x16,3,steady,c128,3,0.6652378139988286,quda,on,1.8334761338720516e-08,p100__16x16x16x16__c128__l3__trace-on
,p100,81.0,16x16x16x16,3,steady,c128,4,0.6283749709982658,quda,on,1.8334761338720516e-08,p100__16x16x16x16__c128__l3__trace-on
,p100,89.0,16x16x16x16,1,cold,c64,0,1.5301667250023456,pyqcu,off,3.345283812830738e-07,p100__16x16x16x16__c64__l1__trace-off
,p100,89.0,16x16x16x16,1,warmup,c64,0,1.5409044889966026,pyqcu,off,3.345283812830738e-07,p100__16x16x16x16__c64__l1__trace-off
,p100,89.0,16x16x16x16,1,warmup,c64,1,1.514991015996202,pyqcu,off,3.345283812830738e-07,p100__16x16x16x16__c64__l1__trace-off
,p100,89.0,16x16x16x16,1,steady,c64,0,1.4888310289970832,pyqcu,off,3.345283812830738e-07,p100__16x16x16x16__c64__l1__trace-off
,p100,89.0,16x16x16x16,1,steady,c64,1,1.5159430700005032,pyqcu,off,3.345283812830738e-07,p100__16x16x16x16__c64__l1__trace-off
,p100,89.0,16x16x16x16,1,steady,c64,2,1.4930721200071275,pyqcu,off,3.345283812830738e-07,p100__16x16x16x16__c64__l1__trace-off
,p100,89.0,16x16x16x16,1,steady,c64,3,1.5089086230000248,pyqcu,off,3.345283812830738e-07,p100__16x16x16x16__c64__l1__trace-off
,p100,89.0,16x16x16x16,1,steady,c64,4,1.5580284239986213,pyqcu,off,3.345283812830738e-07,p100__16x16x16x16__c64__l1__trace-off
,p100,63.0,16x16x16x16,1,cold,c64,0,0.8333589699977892,quda,off,6.974590243719273e-07,p100__16x16x16x16__c64__l1__trace-off
,p100,63.0,16x16x16x16,1,warmup,c64,0,0.3930930959977559,quda,off,6.974590243719273e-07,p100__16x16x16x16__c64__l1__trace-off
,p100,63.0,16x16x16x16,1,warmup,c64,1,0.37007899599848315,quda,off,6.974590243719273e-07,p100__16x16x16x16__c64__l1__trace-off
,p100,63.0,16x16x16x16,1,steady,c64,0,0.38613850299589103,quda,off,6.974590243719273e-07,p100__16x16x16x16__c64__l1__trace-off
,p100,63.0,16x16x16x16,1,steady,c64,1,0.3926455709952279,quda,off,6.974590243719273e-07,p100__16x16x16x16__c64__l1__trace-off
,p100,63.0,16x16x16x16,1,steady,c64,2,0.3881220159964869,quda,off,6.974590243719273e-07,p100__16x16x16x16__c64__l1__trace-off
,p100,63.0,16x16x16x16,1,steady,c64,3,0.37685447900003055,quda,off,6.974590243719273e-07,p100__16x16x16x16__c64__l1__trace-off
,p100,63.0,16x16x16x16,1,steady,c64,4,0.37447664499632083,quda,off,6.974590243719273e-07,p100__16x16x16x16__c64__l1__trace-off
,p100,89.0,16x16x16x16,1,cold,c64,0,1.5074484309880063,pyqcu,on,3.345283812830738e-07,p100__16x16x16x16__c64__l1__trace-on
,p100,89.0,16x16x16x16,1,warmup,c64,0,1.5019336889963597,pyqcu,on,3.345283812830738e-07,p100__16x16x16x16__c64__l1__trace-on
,p100,89.0,16x16x16x16,1,warmup,c64,1,1.5363208659982774,pyqcu,on,3.345283812830738e-07,p100__16x16x16x16__c64__l1__trace-on
,p100,89.0,16x16x16x16,1,steady,c64,0,1.547420303002582,pyqcu,on,3.345283812830738e-07,p100__16x16x16x16__c64__l1__trace-on
,p100,89.0,16x16x16x16,1,steady,c64,1,1.5183577339921612,pyqcu,on,3.345283812830738e-07,p100__16x16x16x16__c64__l1__trace-on
,p100,89.0,16x16x16x16,1,steady,c64,2,1.562674586995854,pyqcu,on,3.345283812830738e-07,p100__16x16x16x16__c64__l1__trace-on
,p100,89.0,16x16x16x16,1,steady,c64,3,1.56089429599524,pyqcu,on,3.345283812830738e-07,p100__16x16x16x16__c64__l1__trace-on
,p100,89.0,16x16x16x16,1,steady,c64,4,1.5243450960115297,pyqcu,on,3.345283812830738e-07,p100__16x16x16x16__c64__l1__trace-on
,p100,63.0,16x16x16x16,1,cold,c64,0,0.38242553799500456,quda,on,6.974590243719273e-07,p100__16x16x16x16__c64__l1__trace-on
,p100,63.0,16x16x16x16,1,warmup,c64,0,0.38355654099723324,quda,on,6.974590243719273e-07,p100__16x16x16x16__c64__l1__trace-on
,p100,63.0,16x16x16x16,1,warmup,c64,1,0.3818649489985546,quda,on,6.974590243719273e-07,p100__16x16x16x16__c64__l1__trace-on
,p100,63.0,16x16x16x16,1,steady,c64,0,0.38979477799875895,quda,on,6.974590243719273e-07,p100__16x16x16x16__c64__l1__trace-on
,p100,63.0,16x16x16x16,1,steady,c64,1,0.3873208440054441,quda,on,6.974590243719273e-07,p100__16x16x16x16__c64__l1__trace-on
,p100,63.0,16x16x16x16,1,steady,c64,2,0.3863933940010611,quda,on,6.974590243719273e-07,p100__16x16x16x16__c64__l1__trace-on
,p100,63.0,16x16x16x16,1,steady,c64,3,0.3822106680017896,quda,on,6.974590243719273e-07,p100__16x16x16x16__c64__l1__trace-on
,p100,63.0,16x16x16x16,1,steady,c64,4,0.39482665000105044,quda,on,6.974590243719273e-07,p100__16x16x16x16__c64__l1__trace-on
,p100,89.0,16x16x16x16,2,cold,c64,0,1.5301667250023456,pyqcu,off,3.345283812830738e-07,p100__16x16x16x16__c64__l2__trace-off
,p100,89.0,16x16x16x16,2,warmup,c64,0,1.5409044889966026,pyqcu,off,3.345283812830738e-07,p100__16x16x16x16__c64__l2__trace-off
,p100,89.0,16x16x16x16,2,warmup,c64,1,1.514991015996202,pyqcu,off,3.345283812830738e-07,p100__16x16x16x16__c64__l2__trace-off
,p100,89.0,16x16x16x16,2,steady,c64,0,1.4888310289970832,pyqcu,off,3.345283812830738e-07,p100__16x16x16x16__c64__l2__trace-off
,p100,89.0,16x16x16x16,2,steady,c64,1,1.5159430700005032,pyqcu,off,3.345283812830738e-07,p100__16x16x16x16__c64__l2__trace-off
,p100,89.0,16x16x16x16,2,steady,c64,2,1.4930721200071275,pyqcu,off,3.345283812830738e-07,p100__16x16x16x16__c64__l2__trace-off
,p100,89.0,16x16x16x16,2,steady,c64,3,1.5089086230000248,pyqcu,off,3.345283812830738e-07,p100__16x16x16x16__c64__l2__trace-off
,p100,89.0,16x16x16x16,2,steady,c64,4,1.5580284239986213,pyqcu,off,3.345283812830738e-07,p100__16x16x16x16__c64__l2__trace-off
,p100,63.0,16x16x16x16,2,cold,c64,0,0.8333589699977892,quda,off,6.974590243719273e-07,p100__16x16x16x16__c64__l2__trace-off
,p100,63.0,16x16x16x16,2,warmup,c64,0,0.3930930959977559,quda,off,6.974590243719273e-07,p100__16x16x16x16__c64__l2__trace-off
,p100,63.0,16x16x16x16,2,warmup,c64,1,0.37007899599848315,quda,off,6.974590243719273e-07,p100__16x16x16x16__c64__l2__trace-off
,p100,63.0,16x16x16x16,2,steady,c64,0,0.38613850299589103,quda,off,6.974590243719273e-07,p100__16x16x16x16__c64__l2__trace-off
,p100,63.0,16x16x16x16,2,steady,c64,1,0.3926455709952279,quda,off,6.974590243719273e-07,p100__16x16x16x16__c64__l2__trace-off
,p100,63.0,16x16x16x16,2,steady,c64,2,0.3881220159964869,quda,off,6.974590243719273e-07,p100__16x16x16x16__c64__l2__trace-off
,p100,63.0,16x16x16x16,2,steady,c64,3,0.37685447900003055,quda,off,6.974590243719273e-07,p100__16x16x16x16__c64__l2__trace-off
,p100,63.0,16x16x16x16,2,steady,c64,4,0.37447664499632083,quda,off,6.974590243719273e-07,p100__16x16x16x16__c64__l2__trace-off
,p100,89.0,16x16x16x16,2,cold,c64,0,1.5074484309880063,pyqcu,on,3.345283812830738e-07,p100__16x16x16x16__c64__l2__trace-on
,p100,89.0,16x16x16x16,2,warmup,c64,0,1.5019336889963597,pyqcu,on,3.345283812830738e-07,p100__16x16x16x16__c64__l2__trace-on
,p100,89.0,16x16x16x16,2,warmup,c64,1,1.5363208659982774,pyqcu,on,3.345283812830738e-07,p100__16x16x16x16__c64__l2__trace-on
,p100,89.0,16x16x16x16,2,steady,c64,0,1.547420303002582,pyqcu,on,3.345283812830738e-07,p100__16x16x16x16__c64__l2__trace-on
,p100,89.0,16x16x16x16,2,steady,c64,1,1.5183577339921612,pyqcu,on,3.345283812830738e-07,p100__16x16x16x16__c64__l2__trace-on
,p100,89.0,16x16x16x16,2,steady,c64,2,1.562674586995854,pyqcu,on,3.345283812830738e-07,p100__16x16x16x16__c64__l2__trace-on
,p100,89.0,16x16x16x16,2,steady,c64,3,1.56089429599524,pyqcu,on,3.345283812830738e-07,p100__16x16x16x16__c64__l2__trace-on
,p100,89.0,16x16x16x16,2,steady,c64,4,1.5243450960115297,pyqcu,on,3.345283812830738e-07,p100__16x16x16x16__c64__l2__trace-on
,p100,63.0,16x16x16x16,2,cold,c64,0,0.38242553799500456,quda,on,6.974590243719273e-07,p100__16x16x16x16__c64__l2__trace-on
,p100,63.0,16x16x16x16,2,warmup,c64,0,0.38355654099723324,quda,on,6.974590243719273e-07,p100__16x16x16x16__c64__l2__trace-on
,p100,63.0,16x16x16x16,2,warmup,c64,1,0.3818649489985546,quda,on,6.974590243719273e-07,p100__16x16x16x16__c64__l2__trace-on
,p100,63.0,16x16x16x16,2,steady,c64,0,0.38979477799875895,quda,on,6.974590243719273e-07,p100__16x16x16x16__c64__l2__trace-on
,p100,63.0,16x16x16x16,2,steady,c64,1,0.3873208440054441,quda,on,6.974590243719273e-07,p100__16x16x16x16__c64__l2__trace-on
,p100,63.0,16x16x16x16,2,steady,c64,2,0.3863933940010611,quda,on,6.974590243719273e-07,p100__16x16x16x16__c64__l2__trace-on
,p100,63.0,16x16x16x16,2,steady,c64,3,0.3822106680017896,quda,on,6.974590243719273e-07,p100__16x16x16x16__c64__l2__trace-on
,p100,63.0,16x16x16x16,2,steady,c64,4,0.39482665000105044,quda,on,6.974590243719273e-07,p100__16x16x16x16__c64__l2__trace-on
,p100,89.0,16x16x16x16,3,cold,c64,0,1.553007056005299,pyqcu,off,3.345283812830738e-07,p100__16x16x16x16__c64__l3__trace-off
,p100,89.0,16x16x16x16,3,warmup,c64,0,1.4938354159967275,pyqcu,off,3.345283812830738e-07,p100__16x16x16x16__c64__l3__trace-off
,p100,89.0,16x16x16x16,3,warmup,c64,1,1.500322687003063,pyqcu,off,3.345283812830738e-07,p100__16x16x16x16__c64__l3__trace-off
,p100,89.0,16x16x16x16,3,steady,c64,0,1.513908666005591,pyqcu,off,3.345283812830738e-07,p100__16x16x16x16__c64__l3__trace-off
,p100,89.0,16x16x16x16,3,steady,c64,1,1.5009163219947368,pyqcu,off,3.345283812830738e-07,p100__16x16x16x16__c64__l3__trace-off
,p100,89.0,16x16x16x16,3,steady,c64,2,1.473003865001374,pyqcu,off,3.345283812830738e-07,p100__16x16x16x16__c64__l3__trace-off
,p100,89.0,16x16x16x16,3,steady,c64,3,1.4475119380076649,pyqcu,off,3.345283812830738e-07,p100__16x16x16x16__c64__l3__trace-off
,p100,89.0,16x16x16x16,3,steady,c64,4,1.436280670997803,pyqcu,off,3.345283812830738e-07,p100__16x16x16x16__c64__l3__trace-off
,p100,63.0,16x16x16x16,3,cold,c64,0,0.38914351299899863,quda,off,6.974590243719273e-07,p100__16x16x16x16__c64__l3__trace-off
,p100,63.0,16x16x16x16,3,warmup,c64,0,0.38285836500290316,quda,off,6.974590243719273e-07,p100__16x16x16x16__c64__l3__trace-off
,p100,63.0,16x16x16x16,3,warmup,c64,1,0.3883946810019552,quda,off,6.974590243719273e-07,p100__16x16x16x16__c64__l3__trace-off
,p100,63.0,16x16x16x16,3,steady,c64,0,0.37605937600164907,quda,off,6.974590243719273e-07,p100__16x16x16x16__c64__l3__trace-off
,p100,63.0,16x16x16x16,3,steady,c64,1,0.37385795100271935,quda,off,6.974590243719273e-07,p100__16x16x16x16__c64__l3__trace-off
,p100,63.0,16x16x16x16,3,steady,c64,2,0.4230095579987392,quda,off,6.974590243719273e-07,p100__16x16x16x16__c64__l3__trace-off
,p100,63.0,16x16x16x16,3,steady,c64,3,0.3747658020001836,quda,off,6.974590243719273e-07,p100__16x16x16x16__c64__l3__trace-off
,p100,63.0,16x16x16x16,3,steady,c64,4,0.38487258100212784,quda,off,6.974590243719273e-07,p100__16x16x16x16__c64__l3__trace-off
,p100,89.0,16x16x16x16,3,cold,c64,0,1.518145611989894,pyqcu,on,3.345283812830738e-07,p100__16x16x16x16__c64__l3__trace-on
,p100,89.0,16x16x16x16,3,warmup,c64,0,1.5507741260080365,pyqcu,on,3.345283812830738e-07,p100__16x16x16x16__c64__l3__trace-on
,p100,89.0,16x16x16x16,3,warmup,c64,1,1.5515018669975689,pyqcu,on,3.345283812830738e-07,p100__16x16x16x16__c64__l3__trace-on
,p100,89.0,16x16x16x16,3,steady,c64,0,1.5094861580000725,pyqcu,on,3.345283812830738e-07,p100__16x16x16x16__c64__l3__trace-on
,p100,89.0,16x16x16x16,3,steady,c64,1,1.5087412630091421,pyqcu,on,3.345283812830738e-07,p100__16x16x16x16__c64__l3__trace-on
,p100,89.0,16x16x16x16,3,steady,c64,2,1.553312812000513,pyqcu,on,3.345283812830738e-07,p100__16x16x16x16__c64__l3__trace-on
,p100,89.0,16x16x16x16,3,steady,c64,3,1.5335087790008401,pyqcu,on,3.345283812830738e-07,p100__16x16x16x16__c64__l3__trace-on
,p100,89.0,16x16x16x16,3,steady,c64,4,1.5088781709928298,pyqcu,on,3.345283812830738e-07,p100__16x16x16x16__c64__l3__trace-on
,p100,63.0,16x16x16x16,3,cold,c64,0,0.4118730690024677,quda,on,6.974590243719273e-07,p100__16x16x16x16__c64__l3__trace-on
,p100,63.0,16x16x16x16,3,warmup,c64,0,0.39105393399950117,quda,on,6.974590243719273e-07,p100__16x16x16x16__c64__l3__trace-on
,p100,63.0,16x16x16x16,3,warmup,c64,1,0.40452499300590716,quda,on,6.974590243719273e-07,p100__16x16x16x16__c64__l3__trace-on
,p100,63.0,16x16x16x16,3,steady,c64,0,0.39915329100040253,quda,on,6.974590243719273e-07,p100__16x16x16x16__c64__l3__trace-on
,p100,63.0,16x16x16x16,3,steady,c64,1,0.3975384989971644,quda,on,6.974590243719273e-07,p100__16x16x16x16__c64__l3__trace-on
,p100,63.0,16x16x16x16,3,steady,c64,2,0.3842035479974584,quda,on,6.974590243719273e-07,p100__16x16x16x16__c64__l3__trace-on
,p100,63.0,16x16x16x16,3,steady,c64,3,0.3855922270013252,quda,on,6.974590243719273e-07,p100__16x16x16x16__c64__l3__trace-on
,p100,63.0,16x16x16x16,3,steady,c64,4,0.40211265799734974,quda,on,6.974590243719273e-07,p100__16x16x16x16__c64__l3__trace-on
,p100,143.0,16x16x32x32,1,cold,c128,0,5.449759661991266,pyqcu,off,1.676727436827923e-08,p100__16x16x32x32__c128__l1__trace-off
,p100,143.0,16x16x32x32,1,warmup,c128,0,5.546948253002483,pyqcu,off,1.676727436827923e-08,p100__16x16x32x32__c128__l1__trace-off
,p100,143.0,16x16x32x32,1,warmup,c128,1,5.54348524400848,pyqcu,off,1.676727436827923e-08,p100__16x16x32x32__c128__l1__trace-off
,p100,143.0,16x16x32x32,1,steady,c128,0,5.551898267003708,pyqcu,off,1.676727436827923e-08,p100__16x16x32x32__c128__l1__trace-off
,p100,143.0,16x16x32x32,1,steady,c128,1,5.480572465006844,pyqcu,off,1.676727436827923e-08,p100__16x16x32x32__c128__l1__trace-off
,p100,143.0,16x16x32x32,1,steady,c128,2,5.576808359008282,pyqcu,off,1.676727436827923e-08,p100__16x16x32x32__c128__l1__trace-off
,p100,143.0,16x16x32x32,1,steady,c128,3,5.543014499009587,pyqcu,off,1.676727436827923e-08,p100__16x16x32x32__c128__l1__trace-off
,p100,143.0,16x16x32x32,1,steady,c128,4,5.488119354995433,pyqcu,off,1.676727436827923e-08,p100__16x16x32x32__c128__l1__trace-off
,p100,102.0,16x16x32x32,1,cold,c128,0,2.4530614810064435,quda,off,1.7794279593179502e-08,p100__16x16x32x32__c128__l1__trace-off
,p100,102.0,16x16x32x32,1,warmup,c128,0,2.3984959669905948,quda,off,1.7794279593179502e-08,p100__16x16x32x32__c128__l1__trace-off
,p100,102.0,16x16x32x32,1,warmup,c128,1,2.386661843993352,quda,off,1.7794279593179502e-08,p100__16x16x32x32__c128__l1__trace-off
,p100,102.0,16x16x32x32,1,steady,c128,0,2.4231103850033833,quda,off,1.7794279593179502e-08,p100__16x16x32x32__c128__l1__trace-off
,p100,102.0,16x16x32x32,1,steady,c128,1,2.4195721889991546,quda,off,1.7794279593179502e-08,p100__16x16x32x32__c128__l1__trace-off
,p100,102.0,16x16x32x32,1,steady,c128,2,2.3715595600078814,quda,off,1.7794279593179502e-08,p100__16x16x32x32__c128__l1__trace-off
,p100,102.0,16x16x32x32,1,steady,c128,3,2.395106329000555,quda,off,1.7794279593179502e-08,p100__16x16x32x32__c128__l1__trace-off
,p100,102.0,16x16x32x32,1,steady,c128,4,2.4505488319991855,quda,off,1.7794279593179502e-08,p100__16x16x32x32__c128__l1__trace-off
,p100,143.0,16x16x32x32,1,cold,c128,0,5.367350138010806,pyqcu,on,1.676727436827923e-08,p100__16x16x32x32__c128__l1__trace-on
,p100,143.0,16x16x32x32,1,warmup,c128,0,5.475002721010242,pyqcu,on,1.676727436827923e-08,p100__16x16x32x32__c128__l1__trace-on
,p100,143.0,16x16x32x32,1,warmup,c128,1,5.5286689880013,pyqcu,on,1.676727436827923e-08,p100__16x16x32x32__c128__l1__trace-on
,p100,143.0,16x16x32x32,1,steady,c128,0,5.486954584004707,pyqcu,on,1.676727436827923e-08,p100__16x16x32x32__c128__l1__trace-on
,p100,143.0,16x16x32x32,1,steady,c128,1,5.532652540001436,pyqcu,on,1.676727436827923e-08,p100__16x16x32x32__c128__l1__trace-on
,p100,143.0,16x16x32x32,1,steady,c128,2,5.515946644009091,pyqcu,on,1.676727436827923e-08,p100__16x16x32x32__c128__l1__trace-on
,p100,143.0,16x16x32x32,1,steady,c128,3,5.516771976996097,pyqcu,on,1.676727436827923e-08,p100__16x16x32x32__c128__l1__trace-on
,p100,143.0,16x16x32x32,1,steady,c128,4,5.513199684995925,pyqcu,on,1.676727436827923e-08,p100__16x16x32x32__c128__l1__trace-on
,p100,102.0,16x16x32x32,1,cold,c128,0,2.413087142005679,quda,on,1.7794279593179502e-08,p100__16x16x32x32__c128__l1__trace-on
,p100,102.0,16x16x32x32,1,warmup,c128,0,2.4159525760042015,quda,on,1.7794279593179502e-08,p100__16x16x32x32__c128__l1__trace-on
,p100,102.0,16x16x32x32,1,warmup,c128,1,2.400606383991544,quda,on,1.7794279593179502e-08,p100__16x16x32x32__c128__l1__trace-on
,p100,102.0,16x16x32x32,1,steady,c128,0,2.4220814389991574,quda,on,1.7794279593179502e-08,p100__16x16x32x32__c128__l1__trace-on
,p100,102.0,16x16x32x32,1,steady,c128,1,2.4133723600098165,quda,on,1.7794279593179502e-08,p100__16x16x32x32__c128__l1__trace-on
,p100,102.0,16x16x32x32,1,steady,c128,2,2.4166798059886787,quda,on,1.7794279593179502e-08,p100__16x16x32x32__c128__l1__trace-on
,p100,102.0,16x16x32x32,1,steady,c128,3,2.410359346002224,quda,on,1.7794279593179502e-08,p100__16x16x32x32__c128__l1__trace-on
,p100,102.0,16x16x32x32,1,steady,c128,4,2.4422304530016845,quda,on,1.7794279593179502e-08,p100__16x16x32x32__c128__l1__trace-on
,p100,143.0,16x16x32x32,2,cold,c128,0,5.449759661991266,pyqcu,off,1.676727436827923e-08,p100__16x16x32x32__c128__l2__trace-off
,p100,143.0,16x16x32x32,2,warmup,c128,0,5.546948253002483,pyqcu,off,1.676727436827923e-08,p100__16x16x32x32__c128__l2__trace-off
,p100,143.0,16x16x32x32,2,warmup,c128,1,5.54348524400848,pyqcu,off,1.676727436827923e-08,p100__16x16x32x32__c128__l2__trace-off
,p100,143.0,16x16x32x32,2,steady,c128,0,5.551898267003708,pyqcu,off,1.676727436827923e-08,p100__16x16x32x32__c128__l2__trace-off
,p100,143.0,16x16x32x32,2,steady,c128,1,5.480572465006844,pyqcu,off,1.676727436827923e-08,p100__16x16x32x32__c128__l2__trace-off
,p100,143.0,16x16x32x32,2,steady,c128,2,5.576808359008282,pyqcu,off,1.676727436827923e-08,p100__16x16x32x32__c128__l2__trace-off
,p100,143.0,16x16x32x32,2,steady,c128,3,5.543014499009587,pyqcu,off,1.676727436827923e-08,p100__16x16x32x32__c128__l2__trace-off
,p100,143.0,16x16x32x32,2,steady,c128,4,5.488119354995433,pyqcu,off,1.676727436827923e-08,p100__16x16x32x32__c128__l2__trace-off
,p100,102.0,16x16x32x32,2,cold,c128,0,2.4530614810064435,quda,off,1.7794279593179502e-08,p100__16x16x32x32__c128__l2__trace-off
,p100,102.0,16x16x32x32,2,warmup,c128,0,2.3984959669905948,quda,off,1.7794279593179502e-08,p100__16x16x32x32__c128__l2__trace-off
,p100,102.0,16x16x32x32,2,warmup,c128,1,2.386661843993352,quda,off,1.7794279593179502e-08,p100__16x16x32x32__c128__l2__trace-off
,p100,102.0,16x16x32x32,2,steady,c128,0,2.4231103850033833,quda,off,1.7794279593179502e-08,p100__16x16x32x32__c128__l2__trace-off
,p100,102.0,16x16x32x32,2,steady,c128,1,2.4195721889991546,quda,off,1.7794279593179502e-08,p100__16x16x32x32__c128__l2__trace-off
,p100,102.0,16x16x32x32,2,steady,c128,2,2.3715595600078814,quda,off,1.7794279593179502e-08,p100__16x16x32x32__c128__l2__trace-off
,p100,102.0,16x16x32x32,2,steady,c128,3,2.395106329000555,quda,off,1.7794279593179502e-08,p100__16x16x32x32__c128__l2__trace-off
,p100,102.0,16x16x32x32,2,steady,c128,4,2.4505488319991855,quda,off,1.7794279593179502e-08,p100__16x16x32x32__c128__l2__trace-off
,p100,143.0,16x16x32x32,2,cold,c128,0,5.367350138010806,pyqcu,on,1.676727436827923e-08,p100__16x16x32x32__c128__l2__trace-on
,p100,143.0,16x16x32x32,2,warmup,c128,0,5.475002721010242,pyqcu,on,1.676727436827923e-08,p100__16x16x32x32__c128__l2__trace-on
,p100,143.0,16x16x32x32,2,warmup,c128,1,5.5286689880013,pyqcu,on,1.676727436827923e-08,p100__16x16x32x32__c128__l2__trace-on
,p100,143.0,16x16x32x32,2,steady,c128,0,5.486954584004707,pyqcu,on,1.676727436827923e-08,p100__16x16x32x32__c128__l2__trace-on
,p100,143.0,16x16x32x32,2,steady,c128,1,5.532652540001436,pyqcu,on,1.676727436827923e-08,p100__16x16x32x32__c128__l2__trace-on
,p100,143.0,16x16x32x32,2,steady,c128,2,5.515946644009091,pyqcu,on,1.676727436827923e-08,p100__16x16x32x32__c128__l2__trace-on
,p100,143.0,16x16x32x32,2,steady,c128,3,5.516771976996097,pyqcu,on,1.676727436827923e-08,p100__16x16x32x32__c128__l2__trace-on
,p100,143.0,16x16x32x32,2,steady,c128,4,5.513199684995925,pyqcu,on,1.676727436827923e-08,p100__16x16x32x32__c128__l2__trace-on
,p100,102.0,16x16x32x32,2,cold,c128,0,2.413087142005679,quda,on,1.7794279593179502e-08,p100__16x16x32x32__c128__l2__trace-on
,p100,102.0,16x16x32x32,2,warmup,c128,0,2.4159525760042015,quda,on,1.7794279593179502e-08,p100__16x16x32x32__c128__l2__trace-on
,p100,102.0,16x16x32x32,2,warmup,c128,1,2.400606383991544,quda,on,1.7794279593179502e-08,p100__16x16x32x32__c128__l2__trace-on
,p100,102.0,16x16x32x32,2,steady,c128,0,2.4220814389991574,quda,on,1.7794279593179502e-08,p100__16x16x32x32__c128__l2__trace-on
,p100,102.0,16x16x32x32,2,steady,c128,1,2.4133723600098165,quda,on,1.7794279593179502e-08,p100__16x16x32x32__c128__l2__trace-on
,p100,102.0,16x16x32x32,2,steady,c128,2,2.4166798059886787,quda,on,1.7794279593179502e-08,p100__16x16x32x32__c128__l2__trace-on
,p100,102.0,16x16x32x32,2,steady,c128,3,2.410359346002224,quda,on,1.7794279593179502e-08,p100__16x16x32x32__c128__l2__trace-on
,p100,102.0,16x16x32x32,2,steady,c128,4,2.4422304530016845,quda,on,1.7794279593179502e-08,p100__16x16x32x32__c128__l2__trace-on
,p100,143.0,16x16x32x32,3,cold,c128,0,5.368042781003169,pyqcu,off,1.676727436827923e-08,p100__16x16x32x32__c128__l3__trace-off
,p100,143.0,16x16x32x32,3,warmup,c128,0,5.39338624800439,pyqcu,off,1.676727436827923e-08,p100__16x16x32x32__c128__l3__trace-off
,p100,143.0,16x16x32x32,3,warmup,c128,1,5.417528966005193,pyqcu,off,1.676727436827923e-08,p100__16x16x32x32__c128__l3__trace-off
,p100,143.0,16x16x32x32,3,steady,c128,0,5.431666349002626,pyqcu,off,1.676727436827923e-08,p100__16x16x32x32__c128__l3__trace-off
,p100,143.0,16x16x32x32,3,steady,c128,1,5.393417541010422,pyqcu,off,1.676727436827923e-08,p100__16x16x32x32__c128__l3__trace-off
,p100,143.0,16x16x32x32,3,steady,c128,2,5.384909646003507,pyqcu,off,1.676727436827923e-08,p100__16x16x32x32__c128__l3__trace-off
,p100,143.0,16x16x32x32,3,steady,c128,3,5.490776611011825,pyqcu,off,1.676727436827923e-08,p100__16x16x32x32__c128__l3__trace-off
,p100,143.0,16x16x32x32,3,steady,c128,4,5.531803449004656,pyqcu,off,1.676727436827923e-08,p100__16x16x32x32__c128__l3__trace-off
,p100,102.0,16x16x32x32,3,cold,c128,0,2.3789226450026035,quda,off,1.7794279593179502e-08,p100__16x16x32x32__c128__l3__trace-off
,p100,102.0,16x16x32x32,3,warmup,c128,0,2.4152205270074774,quda,off,1.7794279593179502e-08,p100__16x16x32x32__c128__l3__trace-off
,p100,102.0,16x16x32x32,3,warmup,c128,1,2.462160479000886,quda,off,1.7794279593179502e-08,p100__16x16x32x32__c128__l3__trace-off
,p100,102.0,16x16x32x32,3,steady,c128,0,2.6543927890015766,quda,off,1.7794279593179502e-08,p100__16x16x32x32__c128__l3__trace-off
,p100,102.0,16x16x32x32,3,steady,c128,1,2.586162263993174,quda,off,1.7794279593179502e-08,p100__16x16x32x32__c128__l3__trace-off
,p100,102.0,16x16x32x32,3,steady,c128,2,2.5774583290040027,quda,off,1.7794279593179502e-08,p100__16x16x32x32__c128__l3__trace-off
,p100,102.0,16x16x32x32,3,steady,c128,3,2.4010587360098725,quda,off,1.7794279593179502e-08,p100__16x16x32x32__c128__l3__trace-off
,p100,102.0,16x16x32x32,3,steady,c128,4,2.4107993560028262,quda,off,1.7794279593179502e-08,p100__16x16x32x32__c128__l3__trace-off
,p100,143.0,16x16x32x32,3,cold,c128,0,5.466400864999741,pyqcu,on,1.676727436827923e-08,p100__16x16x32x32__c128__l3__trace-on
,p100,143.0,16x16x32x32,3,warmup,c128,0,5.43630567699438,pyqcu,on,1.676727436827923e-08,p100__16x16x32x32__c128__l3__trace-on
,p100,143.0,16x16x32x32,3,warmup,c128,1,5.494855145996553,pyqcu,on,1.676727436827923e-08,p100__16x16x32x32__c128__l3__trace-on
,p100,143.0,16x16x32x32,3,steady,c128,0,5.585743004005053,pyqcu,on,1.676727436827923e-08,p100__16x16x32x32__c128__l3__trace-on
,p100,143.0,16x16x32x32,3,steady,c128,1,5.577266694002901,pyqcu,on,1.676727436827923e-08,p100__16x16x32x32__c128__l3__trace-on
,p100,143.0,16x16x32x32,3,steady,c128,2,5.515964432997862,pyqcu,on,1.676727436827923e-08,p100__16x16x32x32__c128__l3__trace-on
,p100,143.0,16x16x32x32,3,steady,c128,3,5.5624380049994215,pyqcu,on,1.676727436827923e-08,p100__16x16x32x32__c128__l3__trace-on
,p100,143.0,16x16x32x32,3,steady,c128,4,5.627672369009815,pyqcu,on,1.676727436827923e-08,p100__16x16x32x32__c128__l3__trace-on
,p100,102.0,16x16x32x32,3,cold,c128,0,2.4377651769900694,quda,on,1.7794279593179502e-08,p100__16x16x32x32__c128__l3__trace-on
,p100,102.0,16x16x32x32,3,warmup,c128,0,2.4214157670066925,quda,on,1.7794279593179502e-08,p100__16x16x32x32__c128__l3__trace-on
,p100,102.0,16x16x32x32,3,warmup,c128,1,2.404342087000259,quda,on,1.7794279593179502e-08,p100__16x16x32x32__c128__l3__trace-on
,p100,102.0,16x16x32x32,3,steady,c128,0,2.488187401002506,quda,on,1.7794279593179502e-08,p100__16x16x32x32__c128__l3__trace-on
,p100,102.0,16x16x32x32,3,steady,c128,1,2.302541908007697,quda,on,1.7794279593179502e-08,p100__16x16x32x32__c128__l3__trace-on
,p100,102.0,16x16x32x32,3,steady,c128,2,2.3799133240099763,quda,on,1.7794279593179502e-08,p100__16x16x32x32__c128__l3__trace-on
,p100,102.0,16x16x32x32,3,steady,c128,3,2.412012518994743,quda,on,1.7794279593179502e-08,p100__16x16x32x32__c128__l3__trace-on
,p100,102.0,16x16x32x32,3,steady,c128,4,2.4649089070007904,quda,on,1.7794279593179502e-08,p100__16x16x32x32__c128__l3__trace-on
,p100,134.0,16x32x32x48,1,cold,c64,0,7.06920609199733,pyqcu,off,3.8324121083033494e-07,p100__16x32x32x48__c64__l1__trace-off
,p100,134.0,16x32x32x48,1,warmup,c64,0,7.058012439010781,pyqcu,off,3.8324121083033494e-07,p100__16x32x32x48__c64__l1__trace-off
,p100,134.0,16x32x32x48,1,warmup,c64,1,7.052221808000468,pyqcu,off,3.8324121083033494e-07,p100__16x32x32x48__c64__l1__trace-off
,p100,134.0,16x32x32x48,1,steady,c64,0,7.099130860005971,pyqcu,off,3.8324121083033494e-07,p100__16x32x32x48__c64__l1__trace-off
,p100,134.0,16x32x32x48,1,steady,c64,1,7.069459571997868,pyqcu,off,3.8324121083033494e-07,p100__16x32x32x48__c64__l1__trace-off
,p100,134.0,16x32x32x48,1,steady,c64,2,7.06739378599741,pyqcu,off,3.8324121083033494e-07,p100__16x32x32x48__c64__l1__trace-off
,p100,134.0,16x32x32x48,1,steady,c64,3,7.0955897309904685,pyqcu,off,3.8324121083033494e-07,p100__16x32x32x48__c64__l1__trace-off
,p100,134.0,16x32x32x48,1,steady,c64,4,7.030171266000252,pyqcu,off,3.8324121083033494e-07,p100__16x32x32x48__c64__l1__trace-off
,p100,89.0,16x32x32x48,1,cold,c64,0,3.124702088003687,quda,off,3.1885186047162117e-07,p100__16x32x32x48__c64__l1__trace-off
,p100,89.0,16x32x32x48,1,warmup,c64,0,3.0662160710053286,quda,off,3.1885186047162117e-07,p100__16x32x32x48__c64__l1__trace-off
,p100,89.0,16x32x32x48,1,warmup,c64,1,3.083087284991052,quda,off,3.1885186047162117e-07,p100__16x32x32x48__c64__l1__trace-off
,p100,89.0,16x32x32x48,1,steady,c64,0,3.1265958879957907,quda,off,3.1885186047162117e-07,p100__16x32x32x48__c64__l1__trace-off
,p100,89.0,16x32x32x48,1,steady,c64,1,3.0818963810015703,quda,off,3.1885186047162117e-07,p100__16x32x32x48__c64__l1__trace-off
,p100,89.0,16x32x32x48,1,steady,c64,2,3.0910012340027606,quda,off,3.1885186047162117e-07,p100__16x32x32x48__c64__l1__trace-off
,p100,89.0,16x32x32x48,1,steady,c64,3,3.0810417469911044,quda,off,3.1885186047162117e-07,p100__16x32x32x48__c64__l1__trace-off
,p100,89.0,16x32x32x48,1,steady,c64,4,3.0804008429986425,quda,off,3.1885186047162117e-07,p100__16x32x32x48__c64__l1__trace-off
,p100,134.0,16x32x32x48,1,cold,c64,0,7.07888460799586,pyqcu,on,3.8324121083033494e-07,p100__16x32x32x48__c64__l1__trace-on
,p100,134.0,16x32x32x48,1,warmup,c64,0,7.104807637006161,pyqcu,on,3.8324121083033494e-07,p100__16x32x32x48__c64__l1__trace-on
,p100,134.0,16x32x32x48,1,warmup,c64,1,7.115268574998481,pyqcu,on,3.8324121083033494e-07,p100__16x32x32x48__c64__l1__trace-on
,p100,134.0,16x32x32x48,1,steady,c64,0,7.1686210299958475,pyqcu,on,3.8324121083033494e-07,p100__16x32x32x48__c64__l1__trace-on
,p100,134.0,16x32x32x48,1,steady,c64,1,7.068508235999616,pyqcu,on,3.8324121083033494e-07,p100__16x32x32x48__c64__l1__trace-on
,p100,134.0,16x32x32x48,1,steady,c64,2,7.058627571008401,pyqcu,on,3.8324121083033494e-07,p100__16x32x32x48__c64__l1__trace-on
,p100,134.0,16x32x32x48,1,steady,c64,3,7.068833444995107,pyqcu,on,3.8324121083033494e-07,p100__16x32x32x48__c64__l1__trace-on
,p100,134.0,16x32x32x48,1,steady,c64,4,7.1077498300001025,pyqcu,on,3.8324121083033494e-07,p100__16x32x32x48__c64__l1__trace-on
,p100,89.0,16x32x32x48,1,cold,c64,0,3.164145789007307,quda,on,3.1885186047162117e-07,p100__16x32x32x48__c64__l1__trace-on
,p100,89.0,16x32x32x48,1,warmup,c64,0,3.0857422840053914,quda,on,3.1885186047162117e-07,p100__16x32x32x48__c64__l1__trace-on
,p100,89.0,16x32x32x48,1,warmup,c64,1,3.091428776999237,quda,on,3.1885186047162117e-07,p100__16x32x32x48__c64__l1__trace-on
,p100,89.0,16x32x32x48,1,steady,c64,0,3.0670334979949985,quda,on,3.1885186047162117e-07,p100__16x32x32x48__c64__l1__trace-on
,p100,89.0,16x32x32x48,1,steady,c64,1,3.142283770997892,quda,on,3.1885186047162117e-07,p100__16x32x32x48__c64__l1__trace-on
,p100,89.0,16x32x32x48,1,steady,c64,2,3.066206976000103,quda,on,3.1885186047162117e-07,p100__16x32x32x48__c64__l1__trace-on
,p100,89.0,16x32x32x48,1,steady,c64,3,3.0686489380022977,quda,on,3.1885186047162117e-07,p100__16x32x32x48__c64__l1__trace-on
,p100,89.0,16x32x32x48,1,steady,c64,4,3.118799620991922,quda,on,3.1885186047162117e-07,p100__16x32x32x48__c64__l1__trace-on
,p100,134.0,16x32x32x48,2,cold,c64,0,7.06920609199733,pyqcu,off,3.8324121083033494e-07,p100__16x32x32x48__c64__l2__trace-off
,p100,134.0,16x32x32x48,2,warmup,c64,0,7.058012439010781,pyqcu,off,3.8324121083033494e-07,p100__16x32x32x48__c64__l2__trace-off
,p100,134.0,16x32x32x48,2,warmup,c64,1,7.052221808000468,pyqcu,off,3.8324121083033494e-07,p100__16x32x32x48__c64__l2__trace-off
,p100,134.0,16x32x32x48,2,steady,c64,0,7.099130860005971,pyqcu,off,3.8324121083033494e-07,p100__16x32x32x48__c64__l2__trace-off
,p100,134.0,16x32x32x48,2,steady,c64,1,7.069459571997868,pyqcu,off,3.8324121083033494e-07,p100__16x32x32x48__c64__l2__trace-off
,p100,134.0,16x32x32x48,2,steady,c64,2,7.06739378599741,pyqcu,off,3.8324121083033494e-07,p100__16x32x32x48__c64__l2__trace-off
,p100,134.0,16x32x32x48,2,steady,c64,3,7.0955897309904685,pyqcu,off,3.8324121083033494e-07,p100__16x32x32x48__c64__l2__trace-off
,p100,134.0,16x32x32x48,2,steady,c64,4,7.030171266000252,pyqcu,off,3.8324121083033494e-07,p100__16x32x32x48__c64__l2__trace-off
,p100,89.0,16x32x32x48,2,cold,c64,0,3.124702088003687,quda,off,3.1885186047162117e-07,p100__16x32x32x48__c64__l2__trace-off
,p100,89.0,16x32x32x48,2,warmup,c64,0,3.0662160710053286,quda,off,3.1885186047162117e-07,p100__16x32x32x48__c64__l2__trace-off
,p100,89.0,16x32x32x48,2,warmup,c64,1,3.083087284991052,quda,off,3.1885186047162117e-07,p100__16x32x32x48__c64__l2__trace-off
,p100,89.0,16x32x32x48,2,steady,c64,0,3.1265958879957907,quda,off,3.1885186047162117e-07,p100__16x32x32x48__c64__l2__trace-off
,p100,89.0,16x32x32x48,2,steady,c64,1,3.0818963810015703,quda,off,3.1885186047162117e-07,p100__16x32x32x48__c64__l2__trace-off
,p100,89.0,16x32x32x48,2,steady,c64,2,3.0910012340027606,quda,off,3.1885186047162117e-07,p100__16x32x32x48__c64__l2__trace-off
,p100,89.0,16x32x32x48,2,steady,c64,3,3.0810417469911044,quda,off,3.1885186047162117e-07,p100__16x32x32x48__c64__l2__trace-off
,p100,89.0,16x32x32x48,2,steady,c64,4,3.0804008429986425,quda,off,3.1885186047162117e-07,p100__16x32x32x48__c64__l2__trace-off
,p100,134.0,16x32x32x48,2,cold,c64,0,7.07888460799586,pyqcu,on,3.8324121083033494e-07,p100__16x32x32x48__c64__l2__trace-on
,p100,134.0,16x32x32x48,2,warmup,c64,0,7.104807637006161,pyqcu,on,3.8324121083033494e-07,p100__16x32x32x48__c64__l2__trace-on
,p100,134.0,16x32x32x48,2,warmup,c64,1,7.115268574998481,pyqcu,on,3.8324121083033494e-07,p100__16x32x32x48__c64__l2__trace-on
,p100,134.0,16x32x32x48,2,steady,c64,0,7.1686210299958475,pyqcu,on,3.8324121083033494e-07,p100__16x32x32x48__c64__l2__trace-on
,p100,134.0,16x32x32x48,2,steady,c64,1,7.068508235999616,pyqcu,on,3.8324121083033494e-07,p100__16x32x32x48__c64__l2__trace-on
,p100,134.0,16x32x32x48,2,steady,c64,2,7.058627571008401,pyqcu,on,3.8324121083033494e-07,p100__16x32x32x48__c64__l2__trace-on
,p100,134.0,16x32x32x48,2,steady,c64,3,7.068833444995107,pyqcu,on,3.8324121083033494e-07,p100__16x32x32x48__c64__l2__trace-on
,p100,134.0,16x32x32x48,2,steady,c64,4,7.1077498300001025,pyqcu,on,3.8324121083033494e-07,p100__16x32x32x48__c64__l2__trace-on
,p100,89.0,16x32x32x48,2,cold,c64,0,3.164145789007307,quda,on,3.1885186047162117e-07,p100__16x32x32x48__c64__l2__trace-on
,p100,89.0,16x32x32x48,2,warmup,c64,0,3.0857422840053914,quda,on,3.1885186047162117e-07,p100__16x32x32x48__c64__l2__trace-on
,p100,89.0,16x32x32x48,2,warmup,c64,1,3.091428776999237,quda,on,3.1885186047162117e-07,p100__16x32x32x48__c64__l2__trace-on
,p100,89.0,16x32x32x48,2,steady,c64,0,3.0670334979949985,quda,on,3.1885186047162117e-07,p100__16x32x32x48__c64__l2__trace-on
,p100,89.0,16x32x32x48,2,steady,c64,1,3.142283770997892,quda,on,3.1885186047162117e-07,p100__16x32x32x48__c64__l2__trace-on
,p100,89.0,16x32x32x48,2,steady,c64,2,3.066206976000103,quda,on,3.1885186047162117e-07,p100__16x32x32x48__c64__l2__trace-on
,p100,89.0,16x32x32x48,2,steady,c64,3,3.0686489380022977,quda,on,3.1885186047162117e-07,p100__16x32x32x48__c64__l2__trace-on
,p100,89.0,16x32x32x48,2,steady,c64,4,3.118799620991922,quda,on,3.1885186047162117e-07,p100__16x32x32x48__c64__l2__trace-on
,p100,134.0,16x32x32x48,3,cold,c64,0,7.042670337992604,pyqcu,off,3.8324121083033494e-07,p100__16x32x32x48__c64__l3__trace-off
,p100,134.0,16x32x32x48,3,warmup,c64,0,7.08865975200024,pyqcu,off,3.8324121083033494e-07,p100__16x32x32x48__c64__l3__trace-off
,p100,134.0,16x32x32x48,3,warmup,c64,1,7.085569162009051,pyqcu,off,3.8324121083033494e-07,p100__16x32x32x48__c64__l3__trace-off
,p100,134.0,16x32x32x48,3,steady,c64,0,7.033327034005197,pyqcu,off,3.8324121083033494e-07,p100__16x32x32x48__c64__l3__trace-off
,p100,134.0,16x32x32x48,3,steady,c64,1,7.081784706999315,pyqcu,off,3.8324121083033494e-07,p100__16x32x32x48__c64__l3__trace-off
,p100,134.0,16x32x32x48,3,steady,c64,2,7.131728674008627,pyqcu,off,3.8324121083033494e-07,p100__16x32x32x48__c64__l3__trace-off
,p100,134.0,16x32x32x48,3,steady,c64,3,7.029319662993657,pyqcu,off,3.8324121083033494e-07,p100__16x32x32x48__c64__l3__trace-off
,p100,134.0,16x32x32x48,3,steady,c64,4,7.073993013007566,pyqcu,off,3.8324121083033494e-07,p100__16x32x32x48__c64__l3__trace-off
,p100,89.0,16x32x32x48,3,cold,c64,0,3.1610181349969935,quda,off,3.1885186047162117e-07,p100__16x32x32x48__c64__l3__trace-off
,p100,89.0,16x32x32x48,3,warmup,c64,0,3.0847177380055655,quda,off,3.1885186047162117e-07,p100__16x32x32x48__c64__l3__trace-off
,p100,89.0,16x32x32x48,3,warmup,c64,1,3.071410251999623,quda,off,3.1885186047162117e-07,p100__16x32x32x48__c64__l3__trace-off
,p100,89.0,16x32x32x48,3,steady,c64,0,3.092557513999054,quda,off,3.1885186047162117e-07,p100__16x32x32x48__c64__l3__trace-off
,p100,89.0,16x32x32x48,3,steady,c64,1,3.086943702001008,quda,off,3.1885186047162117e-07,p100__16x32x32x48__c64__l3__trace-off
,p100,89.0,16x32x32x48,3,steady,c64,2,3.064901513993391,quda,off,3.1885186047162117e-07,p100__16x32x32x48__c64__l3__trace-off
,p100,89.0,16x32x32x48,3,steady,c64,3,3.0987096339958953,quda,off,3.1885186047162117e-07,p100__16x32x32x48__c64__l3__trace-off
,p100,89.0,16x32x32x48,3,steady,c64,4,3.121668977997615,quda,off,3.1885186047162117e-07,p100__16x32x32x48__c64__l3__trace-off
,p100,134.0,16x32x32x48,3,cold,c64,0,7.222558953988482,pyqcu,on,3.8324121083033494e-07,p100__16x32x32x48__c64__l3__trace-on
,p100,134.0,16x32x32x48,3,warmup,c64,0,7.023310124001,pyqcu,on,3.8324121083033494e-07,p100__16x32x32x48__c64__l3__trace-on
,p100,134.0,16x32x32x48,3,warmup,c64,1,7.028023413004121,pyqcu,on,3.8324121083033494e-07,p100__16x32x32x48__c64__l3__trace-on
,p100,134.0,16x32x32x48,3,steady,c64,0,7.0542561920010485,pyqcu,on,3.8324121083033494e-07,p100__16x32x32x48__c64__l3__trace-on
,p100,134.0,16x32x32x48,3,steady,c64,1,7.110101142010535,pyqcu,on,3.8324121083033494e-07,p100__16x32x32x48__c64__l3__trace-on
,p100,134.0,16x32x32x48,3,steady,c64,2,7.085959702002583,pyqcu,on,3.8324121083033494e-07,p100__16x32x32x48__c64__l3__trace-on
,p100,134.0,16x32x32x48,3,steady,c64,3,7.081740797992097,pyqcu,on,3.8324121083033494e-07,p100__16x32x32x48__c64__l3__trace-on
,p100,134.0,16x32x32x48,3,steady,c64,4,7.045308928005397,pyqcu,on,3.8324121083033494e-07,p100__16x32x32x48__c64__l3__trace-on
,p100,89.0,16x32x32x48,3,cold,c64,0,3.143652607992408,quda,on,3.1885186047162117e-07,p100__16x32x32x48__c64__l3__trace-on
,p100,89.0,16x32x32x48,3,warmup,c64,0,3.080617618004908,quda,on,3.1885186047162117e-07,p100__16x32x32x48__c64__l3__trace-on
,p100,89.0,16x32x32x48,3,warmup,c64,1,3.108099952005432,quda,on,3.1885186047162117e-07,p100__16x32x32x48__c64__l3__trace-on
,p100,89.0,16x32x32x48,3,steady,c64,0,3.130692024002201,quda,on,3.1885186047162117e-07,p100__16x32x32x48__c64__l3__trace-on
,p100,89.0,16x32x32x48,3,steady,c64,1,3.1528374860063195,quda,on,3.1885186047162117e-07,p100__16x32x32x48__c64__l3__trace-on
,p100,89.0,16x32x32x48,3,steady,c64,2,3.1003947099961806,quda,on,3.1885186047162117e-07,p100__16x32x32x48__c64__l3__trace-on
,p100,89.0,16x32x32x48,3,steady,c64,3,3.298806656996021,quda,on,3.1885186047162117e-07,p100__16x32x32x48__c64__l3__trace-on
,p100,89.0,16x32x32x48,3,steady,c64,4,3.1537426180002512,quda,on,3.1885186047162117e-07,p100__16x32x32x48__c64__l3__trace-on
,p100,123.0,8x8x8x16,1,cold,c128,0,1.994771341996966,pyqcu,off,1.727475711483899e-08,p100__8x8x8x16__c128__l1__trace-off
,p100,123.0,8x8x8x16,1,warmup,c128,0,2.008199867006624,pyqcu,off,1.727475711483899e-08,p100__8x8x8x16__c128__l1__trace-off
,p100,123.0,8x8x8x16,1,warmup,c128,1,1.9360538120090496,pyqcu,off,1.727475711483899e-08,p100__8x8x8x16__c128__l1__trace-off
,p100,123.0,8x8x8x16,1,steady,c128,0,1.9314535949961282,pyqcu,off,1.727475711483899e-08,p100__8x8x8x16__c128__l1__trace-off
,p100,123.0,8x8x8x16,1,steady,c128,1,1.985853976002545,pyqcu,off,1.727475711483899e-08,p100__8x8x8x16__c128__l1__trace-off
,p100,123.0,8x8x8x16,1,steady,c128,2,1.9976342439913424,pyqcu,off,1.727475711483899e-08,p100__8x8x8x16__c128__l1__trace-off
,p100,123.0,8x8x8x16,1,steady,c128,3,1.951433498004917,pyqcu,off,1.727475711483899e-08,p100__8x8x8x16__c128__l1__trace-off
,p100,123.0,8x8x8x16,1,steady,c128,4,1.9512971509975614,pyqcu,off,1.727475711483899e-08,p100__8x8x8x16__c128__l1__trace-off
,p100,93.0,8x8x8x16,1,cold,c128,0,0.9023668589943554,quda,off,1.8037317946207714e-08,p100__8x8x8x16__c128__l1__trace-off
,p100,93.0,8x8x8x16,1,warmup,c128,0,0.5204945830046199,quda,off,1.8037317946207714e-08,p100__8x8x8x16__c128__l1__trace-off
,p100,93.0,8x8x8x16,1,warmup,c128,1,0.5526248149981257,quda,off,1.8037317946207714e-08,p100__8x8x8x16__c128__l1__trace-off
,p100,93.0,8x8x8x16,1,steady,c128,0,0.5081982819974655,quda,off,1.8037317946207714e-08,p100__8x8x8x16__c128__l1__trace-off
,p100,93.0,8x8x8x16,1,steady,c128,1,0.53475499599881,quda,off,1.8037317946207714e-08,p100__8x8x8x16__c128__l1__trace-off
,p100,93.0,8x8x8x16,1,steady,c128,2,0.5663658989942633,quda,off,1.8037317946207714e-08,p100__8x8x8x16__c128__l1__trace-off
,p100,93.0,8x8x8x16,1,steady,c128,3,0.5697919939993881,quda,off,1.8037317946207714e-08,p100__8x8x8x16__c128__l1__trace-off
,p100,93.0,8x8x8x16,1,steady,c128,4,0.5026081630057888,quda,off,1.8037317946207714e-08,p100__8x8x8x16__c128__l1__trace-off
,p100,123.0,8x8x8x16,1,cold,c128,0,1.9651415039988933,pyqcu,on,1.727475711483899e-08,p100__8x8x8x16__c128__l1__trace-on
,p100,123.0,8x8x8x16,1,warmup,c128,0,1.9784283570043044,pyqcu,on,1.727475711483899e-08,p100__8x8x8x16__c128__l1__trace-on
,p100,123.0,8x8x8x16,1,warmup,c128,1,1.9488145859941142,pyqcu,on,1.727475711483899e-08,p100__8x8x8x16__c128__l1__trace-on
,p100,123.0,8x8x8x16,1,steady,c128,0,1.9398671809904044,pyqcu,on,1.727475711483899e-08,p100__8x8x8x16__c128__l1__trace-on
,p100,123.0,8x8x8x16,1,steady,c128,1,1.9929909110069275,pyqcu,on,1.727475711483899e-08,p100__8x8x8x16__c128__l1__trace-on
,p100,123.0,8x8x8x16,1,steady,c128,2,1.969449344003806,pyqcu,on,1.727475711483899e-08,p100__8x8x8x16__c128__l1__trace-on
,p100,123.0,8x8x8x16,1,steady,c128,3,1.9506217439920874,pyqcu,on,1.727475711483899e-08,p100__8x8x8x16__c128__l1__trace-on
,p100,123.0,8x8x8x16,1,steady,c128,4,1.9492318629927468,pyqcu,on,1.727475711483899e-08,p100__8x8x8x16__c128__l1__trace-on
,p100,93.0,8x8x8x16,1,cold,c128,0,0.5552379539876711,quda,on,1.8037317946207714e-08,p100__8x8x8x16__c128__l1__trace-on
,p100,93.0,8x8x8x16,1,warmup,c128,0,0.5207397240010323,quda,on,1.8037317946207714e-08,p100__8x8x8x16__c128__l1__trace-on
,p100,93.0,8x8x8x16,1,warmup,c128,1,0.5200536850024946,quda,on,1.8037317946207714e-08,p100__8x8x8x16__c128__l1__trace-on
,p100,93.0,8x8x8x16,1,steady,c128,0,0.5038607629976468,quda,on,1.8037317946207714e-08,p100__8x8x8x16__c128__l1__trace-on
,p100,93.0,8x8x8x16,1,steady,c128,1,0.5174334359908244,quda,on,1.8037317946207714e-08,p100__8x8x8x16__c128__l1__trace-on
,p100,93.0,8x8x8x16,1,steady,c128,2,0.5211582479969366,quda,on,1.8037317946207714e-08,p100__8x8x8x16__c128__l1__trace-on
,p100,93.0,8x8x8x16,1,steady,c128,3,0.5232559680007398,quda,on,1.8037317946207714e-08,p100__8x8x8x16__c128__l1__trace-on
,p100,93.0,8x8x8x16,1,steady,c128,4,0.5077260840043891,quda,on,1.8037317946207714e-08,p100__8x8x8x16__c128__l1__trace-on
,p100,123.0,8x8x8x16,2,cold,c128,0,1.994771341996966,pyqcu,off,1.727475711483899e-08,p100__8x8x8x16__c128__l2__trace-off
,p100,123.0,8x8x8x16,2,warmup,c128,0,2.008199867006624,pyqcu,off,1.727475711483899e-08,p100__8x8x8x16__c128__l2__trace-off
,p100,123.0,8x8x8x16,2,warmup,c128,1,1.9360538120090496,pyqcu,off,1.727475711483899e-08,p100__8x8x8x16__c128__l2__trace-off
,p100,123.0,8x8x8x16,2,steady,c128,0,1.9314535949961282,pyqcu,off,1.727475711483899e-08,p100__8x8x8x16__c128__l2__trace-off
,p100,123.0,8x8x8x16,2,steady,c128,1,1.985853976002545,pyqcu,off,1.727475711483899e-08,p100__8x8x8x16__c128__l2__trace-off
,p100,123.0,8x8x8x16,2,steady,c128,2,1.9976342439913424,pyqcu,off,1.727475711483899e-08,p100__8x8x8x16__c128__l2__trace-off
,p100,123.0,8x8x8x16,2,steady,c128,3,1.951433498004917,pyqcu,off,1.727475711483899e-08,p100__8x8x8x16__c128__l2__trace-off
,p100,123.0,8x8x8x16,2,steady,c128,4,1.9512971509975614,pyqcu,off,1.727475711483899e-08,p100__8x8x8x16__c128__l2__trace-off
,p100,93.0,8x8x8x16,2,cold,c128,0,0.9023668589943554,quda,off,1.8037317946207714e-08,p100__8x8x8x16__c128__l2__trace-off
,p100,93.0,8x8x8x16,2,warmup,c128,0,0.5204945830046199,quda,off,1.8037317946207714e-08,p100__8x8x8x16__c128__l2__trace-off
,p100,93.0,8x8x8x16,2,warmup,c128,1,0.5526248149981257,quda,off,1.8037317946207714e-08,p100__8x8x8x16__c128__l2__trace-off
,p100,93.0,8x8x8x16,2,steady,c128,0,0.5081982819974655,quda,off,1.8037317946207714e-08,p100__8x8x8x16__c128__l2__trace-off
,p100,93.0,8x8x8x16,2,steady,c128,1,0.53475499599881,quda,off,1.8037317946207714e-08,p100__8x8x8x16__c128__l2__trace-off
,p100,93.0,8x8x8x16,2,steady,c128,2,0.5663658989942633,quda,off,1.8037317946207714e-08,p100__8x8x8x16__c128__l2__trace-off
,p100,93.0,8x8x8x16,2,steady,c128,3,0.5697919939993881,quda,off,1.8037317946207714e-08,p100__8x8x8x16__c128__l2__trace-off
,p100,93.0,8x8x8x16,2,steady,c128,4,0.5026081630057888,quda,off,1.8037317946207714e-08,p100__8x8x8x16__c128__l2__trace-off
,p100,123.0,8x8x8x16,2,cold,c128,0,1.9651415039988933,pyqcu,on,1.727475711483899e-08,p100__8x8x8x16__c128__l2__trace-on
,p100,123.0,8x8x8x16,2,warmup,c128,0,1.9784283570043044,pyqcu,on,1.727475711483899e-08,p100__8x8x8x16__c128__l2__trace-on
,p100,123.0,8x8x8x16,2,warmup,c128,1,1.9488145859941142,pyqcu,on,1.727475711483899e-08,p100__8x8x8x16__c128__l2__trace-on
,p100,123.0,8x8x8x16,2,steady,c128,0,1.9398671809904044,pyqcu,on,1.727475711483899e-08,p100__8x8x8x16__c128__l2__trace-on
,p100,123.0,8x8x8x16,2,steady,c128,1,1.9929909110069275,pyqcu,on,1.727475711483899e-08,p100__8x8x8x16__c128__l2__trace-on
,p100,123.0,8x8x8x16,2,steady,c128,2,1.969449344003806,pyqcu,on,1.727475711483899e-08,p100__8x8x8x16__c128__l2__trace-on
,p100,123.0,8x8x8x16,2,steady,c128,3,1.9506217439920874,pyqcu,on,1.727475711483899e-08,p100__8x8x8x16__c128__l2__trace-on
,p100,123.0,8x8x8x16,2,steady,c128,4,1.9492318629927468,pyqcu,on,1.727475711483899e-08,p100__8x8x8x16__c128__l2__trace-on
,p100,93.0,8x8x8x16,2,cold,c128,0,0.5552379539876711,quda,on,1.8037317946207714e-08,p100__8x8x8x16__c128__l2__trace-on
,p100,93.0,8x8x8x16,2,warmup,c128,0,0.5207397240010323,quda,on,1.8037317946207714e-08,p100__8x8x8x16__c128__l2__trace-on
,p100,93.0,8x8x8x16,2,warmup,c128,1,0.5200536850024946,quda,on,1.8037317946207714e-08,p100__8x8x8x16__c128__l2__trace-on
,p100,93.0,8x8x8x16,2,steady,c128,0,0.5038607629976468,quda,on,1.8037317946207714e-08,p100__8x8x8x16__c128__l2__trace-on
,p100,93.0,8x8x8x16,2,steady,c128,1,0.5174334359908244,quda,on,1.8037317946207714e-08,p100__8x8x8x16__c128__l2__trace-on
,p100,93.0,8x8x8x16,2,steady,c128,2,0.5211582479969366,quda,on,1.8037317946207714e-08,p100__8x8x8x16__c128__l2__trace-on
,p100,93.0,8x8x8x16,2,steady,c128,3,0.5232559680007398,quda,on,1.8037317946207714e-08,p100__8x8x8x16__c128__l2__trace-on
,p100,93.0,8x8x8x16,2,steady,c128,4,0.5077260840043891,quda,on,1.8037317946207714e-08,p100__8x8x8x16__c128__l2__trace-on
,p100,123.0,8x8x8x16,3,cold,c128,0,1.9222509969986277,pyqcu,off,1.727475711483899e-08,p100__8x8x8x16__c128__l3__trace-off
,p100,123.0,8x8x8x16,3,warmup,c128,0,1.9475372199958656,pyqcu,off,1.727475711483899e-08,p100__8x8x8x16__c128__l3__trace-off
,p100,123.0,8x8x8x16,3,warmup,c128,1,1.9512807720020646,pyqcu,off,1.727475711483899e-08,p100__8x8x8x16__c128__l3__trace-off
,p100,123.0,8x8x8x16,3,steady,c128,0,1.931916377012385,pyqcu,off,1.727475711483899e-08,p100__8x8x8x16__c128__l3__trace-off
,p100,123.0,8x8x8x16,3,steady,c128,1,1.9646419259952381,pyqcu,off,1.727475711483899e-08,p100__8x8x8x16__c128__l3__trace-off
,p100,123.0,8x8x8x16,3,steady,c128,2,1.9820554530015215,pyqcu,off,1.727475711483899e-08,p100__8x8x8x16__c128__l3__trace-off
,p100,123.0,8x8x8x16,3,steady,c128,3,1.9451903409935767,pyqcu,off,1.727475711483899e-08,p100__8x8x8x16__c128__l3__trace-off
,p100,123.0,8x8x8x16,3,steady,c128,4,1.9518644210038474,pyqcu,off,1.727475711483899e-08,p100__8x8x8x16__c128__l3__trace-off
,p100,93.0,8x8x8x16,3,cold,c128,0,0.5498786050011404,quda,off,1.8037317946207714e-08,p100__8x8x8x16__c128__l3__trace-off
,p100,93.0,8x8x8x16,3,warmup,c128,0,0.5307017669983907,quda,off,1.8037317946207714e-08,p100__8x8x8x16__c128__l3__trace-off
,p100,93.0,8x8x8x16,3,warmup,c128,1,0.5330616020073649,quda,off,1.8037317946207714e-08,p100__8x8x8x16__c128__l3__trace-off
,p100,93.0,8x8x8x16,3,steady,c128,0,0.6157705369987525,quda,off,1.8037317946207714e-08,p100__8x8x8x16__c128__l3__trace-off
,p100,93.0,8x8x8x16,3,steady,c128,1,0.5179310389939928,quda,off,1.8037317946207714e-08,p100__8x8x8x16__c128__l3__trace-off
,p100,93.0,8x8x8x16,3,steady,c128,2,0.5301461430062773,quda,off,1.8037317946207714e-08,p100__8x8x8x16__c128__l3__trace-off
,p100,93.0,8x8x8x16,3,steady,c128,3,0.5035198090045014,quda,off,1.8037317946207714e-08,p100__8x8x8x16__c128__l3__trace-off
,p100,93.0,8x8x8x16,3,steady,c128,4,0.5361080869915895,quda,off,1.8037317946207714e-08,p100__8x8x8x16__c128__l3__trace-off
,p100,123.0,8x8x8x16,3,cold,c128,0,1.9204122840019409,pyqcu,on,1.727475711483899e-08,p100__8x8x8x16__c128__l3__trace-on
,p100,123.0,8x8x8x16,3,warmup,c128,0,1.9866220320109278,pyqcu,on,1.727475711483899e-08,p100__8x8x8x16__c128__l3__trace-on
,p100,123.0,8x8x8x16,3,warmup,c128,1,1.9631002370006172,pyqcu,on,1.727475711483899e-08,p100__8x8x8x16__c128__l3__trace-on
,p100,123.0,8x8x8x16,3,steady,c128,0,2.0058432889927644,pyqcu,on,1.727475711483899e-08,p100__8x8x8x16__c128__l3__trace-on
,p100,123.0,8x8x8x16,3,steady,c128,1,1.9836198409902863,pyqcu,on,1.727475711483899e-08,p100__8x8x8x16__c128__l3__trace-on
,p100,123.0,8x8x8x16,3,steady,c128,2,1.9548941340035526,pyqcu,on,1.727475711483899e-08,p100__8x8x8x16__c128__l3__trace-on
,p100,123.0,8x8x8x16,3,steady,c128,3,1.9486204809945775,pyqcu,on,1.727475711483899e-08,p100__8x8x8x16__c128__l3__trace-on
,p100,123.0,8x8x8x16,3,steady,c128,4,1.965242815000238,pyqcu,on,1.727475711483899e-08,p100__8x8x8x16__c128__l3__trace-on
,p100,93.0,8x8x8x16,3,cold,c128,0,0.48957645399787,quda,on,1.8037317946207714e-08,p100__8x8x8x16__c128__l3__trace-on
,p100,93.0,8x8x8x16,3,warmup,c128,0,0.5671331209887285,quda,on,1.8037317946207714e-08,p100__8x8x8x16__c128__l3__trace-on
,p100,93.0,8x8x8x16,3,warmup,c128,1,0.5249056520115118,quda,on,1.8037317946207714e-08,p100__8x8x8x16__c128__l3__trace-on
,p100,93.0,8x8x8x16,3,steady,c128,0,0.5408958479965804,quda,on,1.8037317946207714e-08,p100__8x8x8x16__c128__l3__trace-on
,p100,93.0,8x8x8x16,3,steady,c128,1,0.5480254940048326,quda,on,1.8037317946207714e-08,p100__8x8x8x16__c128__l3__trace-on
,p100,93.0,8x8x8x16,3,steady,c128,2,0.5197896629979368,quda,on,1.8037317946207714e-08,p100__8x8x8x16__c128__l3__trace-on
,p100,93.0,8x8x8x16,3,steady,c128,3,0.5333183350012405,quda,on,1.8037317946207714e-08,p100__8x8x8x16__c128__l3__trace-on
,p100,93.0,8x8x8x16,3,steady,c128,4,0.5482403859932674,quda,on,1.8037317946207714e-08,p100__8x8x8x16__c128__l3__trace-on
,p100,90.0,8x8x8x16,1,cold,c64,0,1.416536096992786,pyqcu,off,3.7775181904828944e-07,p100__8x8x8x16__c64__l1__trace-off
,p100,90.0,8x8x8x16,1,warmup,c64,0,1.4118114799930481,pyqcu,off,3.7775181904828944e-07,p100__8x8x8x16__c64__l1__trace-off
,p100,90.0,8x8x8x16,1,warmup,c64,1,1.3912069979996886,pyqcu,off,3.7775181904828944e-07,p100__8x8x8x16__c64__l1__trace-off
,p100,90.0,8x8x8x16,1,steady,c64,0,1.3864429860113887,pyqcu,off,3.7775181904828944e-07,p100__8x8x8x16__c64__l1__trace-off
,p100,90.0,8x8x8x16,1,steady,c64,1,1.4042719370045234,pyqcu,off,3.7775181904828944e-07,p100__8x8x8x16__c64__l1__trace-off
,p100,90.0,8x8x8x16,1,steady,c64,2,1.4208148120087571,pyqcu,off,3.7775181904828944e-07,p100__8x8x8x16__c64__l1__trace-off
,p100,90.0,8x8x8x16,1,steady,c64,3,1.4358962000114843,pyqcu,off,3.7775181904828944e-07,p100__8x8x8x16__c64__l1__trace-off
,p100,90.0,8x8x8x16,1,steady,c64,4,1.4126591310050571,pyqcu,off,3.7775181904828944e-07,p100__8x8x8x16__c64__l1__trace-off
,p100,68.0,8x8x8x16,1,cold,c64,0,0.7935319699972752,quda,off,4.6737457461390857e-07,p100__8x8x8x16__c64__l1__trace-off
,p100,68.0,8x8x8x16,1,warmup,c64,0,0.38767203200404765,quda,off,4.6737457461390857e-07,p100__8x8x8x16__c64__l1__trace-off
,p100,68.0,8x8x8x16,1,warmup,c64,1,0.38251724199653836,quda,off,4.6737457461390857e-07,p100__8x8x8x16__c64__l1__trace-off
,p100,68.0,8x8x8x16,1,steady,c64,0,0.37413727000239305,quda,off,4.6737457461390857e-07,p100__8x8x8x16__c64__l1__trace-off
,p100,68.0,8x8x8x16,1,steady,c64,1,0.40016601299430477,quda,off,4.6737457461390857e-07,p100__8x8x8x16__c64__l1__trace-off
,p100,68.0,8x8x8x16,1,steady,c64,2,0.4644910790011636,quda,off,4.6737457461390857e-07,p100__8x8x8x16__c64__l1__trace-off
,p100,68.0,8x8x8x16,1,steady,c64,3,0.46412735900230473,quda,off,4.6737457461390857e-07,p100__8x8x8x16__c64__l1__trace-off
,p100,68.0,8x8x8x16,1,steady,c64,4,0.36615241600520676,quda,off,4.6737457461390857e-07,p100__8x8x8x16__c64__l1__trace-off
,p100,90.0,8x8x8x16,1,cold,c64,0,1.4131623029970797,pyqcu,on,3.7775181904828944e-07,p100__8x8x8x16__c64__l1__trace-on
,p100,90.0,8x8x8x16,1,warmup,c64,0,1.3928410569933476,pyqcu,on,3.7775181904828944e-07,p100__8x8x8x16__c64__l1__trace-on
,p100,90.0,8x8x8x16,1,warmup,c64,1,1.410752408002736,pyqcu,on,3.7775181904828944e-07,p100__8x8x8x16__c64__l1__trace-on
,p100,90.0,8x8x8x16,1,steady,c64,0,1.4166526550106937,pyqcu,on,3.7775181904828944e-07,p100__8x8x8x16__c64__l1__trace-on
,p100,90.0,8x8x8x16,1,steady,c64,1,1.2804047360114055,pyqcu,on,3.7775181904828944e-07,p100__8x8x8x16__c64__l1__trace-on
,p100,90.0,8x8x8x16,1,steady,c64,2,1.2782822129956912,pyqcu,on,3.7775181904828944e-07,p100__8x8x8x16__c64__l1__trace-on
,p100,90.0,8x8x8x16,1,steady,c64,3,1.4382092720043147,pyqcu,on,3.7775181904828944e-07,p100__8x8x8x16__c64__l1__trace-on
,p100,90.0,8x8x8x16,1,steady,c64,4,1.35849515600421,pyqcu,on,3.7775181904828944e-07,p100__8x8x8x16__c64__l1__trace-on
,p100,68.0,8x8x8x16,1,cold,c64,0,0.3610442589997547,quda,on,4.6737457461390857e-07,p100__8x8x8x16__c64__l1__trace-on
,p100,68.0,8x8x8x16,1,warmup,c64,0,0.4002927830006229,quda,on,4.6737457461390857e-07,p100__8x8x8x16__c64__l1__trace-on
,p100,68.0,8x8x8x16,1,warmup,c64,1,0.36950889300351264,quda,on,4.6737457461390857e-07,p100__8x8x8x16__c64__l1__trace-on
,p100,68.0,8x8x8x16,1,steady,c64,0,0.3887516489994596,quda,on,4.6737457461390857e-07,p100__8x8x8x16__c64__l1__trace-on
,p100,68.0,8x8x8x16,1,steady,c64,1,0.3651249519971316,quda,on,4.6737457461390857e-07,p100__8x8x8x16__c64__l1__trace-on
,p100,68.0,8x8x8x16,1,steady,c64,2,0.41021542800444877,quda,on,4.6737457461390857e-07,p100__8x8x8x16__c64__l1__trace-on
,p100,68.0,8x8x8x16,1,steady,c64,3,0.35703900799853727,quda,on,4.6737457461390857e-07,p100__8x8x8x16__c64__l1__trace-on
,p100,68.0,8x8x8x16,1,steady,c64,4,0.3846232229989255,quda,on,4.6737457461390857e-07,p100__8x8x8x16__c64__l1__trace-on
,p100,90.0,8x8x8x16,2,cold,c64,0,1.416536096992786,pyqcu,off,3.7775181904828944e-07,p100__8x8x8x16__c64__l2__trace-off
,p100,90.0,8x8x8x16,2,warmup,c64,0,1.4118114799930481,pyqcu,off,3.7775181904828944e-07,p100__8x8x8x16__c64__l2__trace-off
,p100,90.0,8x8x8x16,2,warmup,c64,1,1.3912069979996886,pyqcu,off,3.7775181904828944e-07,p100__8x8x8x16__c64__l2__trace-off
,p100,90.0,8x8x8x16,2,steady,c64,0,1.3864429860113887,pyqcu,off,3.7775181904828944e-07,p100__8x8x8x16__c64__l2__trace-off
,p100,90.0,8x8x8x16,2,steady,c64,1,1.4042719370045234,pyqcu,off,3.7775181904828944e-07,p100__8x8x8x16__c64__l2__trace-off
,p100,90.0,8x8x8x16,2,steady,c64,2,1.4208148120087571,pyqcu,off,3.7775181904828944e-07,p100__8x8x8x16__c64__l2__trace-off
,p100,90.0,8x8x8x16,2,steady,c64,3,1.4358962000114843,pyqcu,off,3.7775181904828944e-07,p100__8x8x8x16__c64__l2__trace-off
,p100,90.0,8x8x8x16,2,steady,c64,4,1.4126591310050571,pyqcu,off,3.7775181904828944e-07,p100__8x8x8x16__c64__l2__trace-off
,p100,68.0,8x8x8x16,2,cold,c64,0,0.7935319699972752,quda,off,4.6737457461390857e-07,p100__8x8x8x16__c64__l2__trace-off
,p100,68.0,8x8x8x16,2,warmup,c64,0,0.38767203200404765,quda,off,4.6737457461390857e-07,p100__8x8x8x16__c64__l2__trace-off
,p100,68.0,8x8x8x16,2,warmup,c64,1,0.38251724199653836,quda,off,4.6737457461390857e-07,p100__8x8x8x16__c64__l2__trace-off
,p100,68.0,8x8x8x16,2,steady,c64,0,0.37413727000239305,quda,off,4.6737457461390857e-07,p100__8x8x8x16__c64__l2__trace-off
,p100,68.0,8x8x8x16,2,steady,c64,1,0.40016601299430477,quda,off,4.6737457461390857e-07,p100__8x8x8x16__c64__l2__trace-off
,p100,68.0,8x8x8x16,2,steady,c64,2,0.4644910790011636,quda,off,4.6737457461390857e-07,p100__8x8x8x16__c64__l2__trace-off
,p100,68.0,8x8x8x16,2,steady,c64,3,0.46412735900230473,quda,off,4.6737457461390857e-07,p100__8x8x8x16__c64__l2__trace-off
,p100,68.0,8x8x8x16,2,steady,c64,4,0.36615241600520676,quda,off,4.6737457461390857e-07,p100__8x8x8x16__c64__l2__trace-off
,p100,90.0,8x8x8x16,2,cold,c64,0,1.4131623029970797,pyqcu,on,3.7775181904828944e-07,p100__8x8x8x16__c64__l2__trace-on
,p100,90.0,8x8x8x16,2,warmup,c64,0,1.3928410569933476,pyqcu,on,3.7775181904828944e-07,p100__8x8x8x16__c64__l2__trace-on
,p100,90.0,8x8x8x16,2,warmup,c64,1,1.410752408002736,pyqcu,on,3.7775181904828944e-07,p100__8x8x8x16__c64__l2__trace-on
,p100,90.0,8x8x8x16,2,steady,c64,0,1.4166526550106937,pyqcu,on,3.7775181904828944e-07,p100__8x8x8x16__c64__l2__trace-on
,p100,90.0,8x8x8x16,2,steady,c64,1,1.2804047360114055,pyqcu,on,3.7775181904828944e-07,p100__8x8x8x16__c64__l2__trace-on
,p100,90.0,8x8x8x16,2,steady,c64,2,1.2782822129956912,pyqcu,on,3.7775181904828944e-07,p100__8x8x8x16__c64__l2__trace-on
,p100,90.0,8x8x8x16,2,steady,c64,3,1.4382092720043147,pyqcu,on,3.7775181904828944e-07,p100__8x8x8x16__c64__l2__trace-on
,p100,90.0,8x8x8x16,2,steady,c64,4,1.35849515600421,pyqcu,on,3.7775181904828944e-07,p100__8x8x8x16__c64__l2__trace-on
,p100,68.0,8x8x8x16,2,cold,c64,0,0.3610442589997547,quda,on,4.6737457461390857e-07,p100__8x8x8x16__c64__l2__trace-on
,p100,68.0,8x8x8x16,2,warmup,c64,0,0.4002927830006229,quda,on,4.6737457461390857e-07,p100__8x8x8x16__c64__l2__trace-on
,p100,68.0,8x8x8x16,2,warmup,c64,1,0.36950889300351264,quda,on,4.6737457461390857e-07,p100__8x8x8x16__c64__l2__trace-on
,p100,68.0,8x8x8x16,2,steady,c64,0,0.3887516489994596,quda,on,4.6737457461390857e-07,p100__8x8x8x16__c64__l2__trace-on
,p100,68.0,8x8x8x16,2,steady,c64,1,0.3651249519971316,quda,on,4.6737457461390857e-07,p100__8x8x8x16__c64__l2__trace-on
,p100,68.0,8x8x8x16,2,steady,c64,2,0.41021542800444877,quda,on,4.6737457461390857e-07,p100__8x8x8x16__c64__l2__trace-on
,p100,68.0,8x8x8x16,2,steady,c64,3,0.35703900799853727,quda,on,4.6737457461390857e-07,p100__8x8x8x16__c64__l2__trace-on
,p100,68.0,8x8x8x16,2,steady,c64,4,0.3846232229989255,quda,on,4.6737457461390857e-07,p100__8x8x8x16__c64__l2__trace-on
,p100,90.0,8x8x8x16,3,cold,c64,0,1.3998475870030234,pyqcu,off,3.7775181904828944e-07,p100__8x8x8x16__c64__l3__trace-off
,p100,90.0,8x8x8x16,3,warmup,c64,0,1.398836801003199,pyqcu,off,3.7775181904828944e-07,p100__8x8x8x16__c64__l3__trace-off
,p100,90.0,8x8x8x16,3,warmup,c64,1,1.450779616003274,pyqcu,off,3.7775181904828944e-07,p100__8x8x8x16__c64__l3__trace-off
,p100,90.0,8x8x8x16,3,steady,c64,0,1.4618113379983697,pyqcu,off,3.7775181904828944e-07,p100__8x8x8x16__c64__l3__trace-off
,p100,90.0,8x8x8x16,3,steady,c64,1,1.4647332029999234,pyqcu,off,3.7775181904828944e-07,p100__8x8x8x16__c64__l3__trace-off
,p100,90.0,8x8x8x16,3,steady,c64,2,1.4083893220085884,pyqcu,off,3.7775181904828944e-07,p100__8x8x8x16__c64__l3__trace-off
,p100,90.0,8x8x8x16,3,steady,c64,3,1.4121334970113821,pyqcu,off,3.7775181904828944e-07,p100__8x8x8x16__c64__l3__trace-off
,p100,90.0,8x8x8x16,3,steady,c64,4,1.425636633997783,pyqcu,off,3.7775181904828944e-07,p100__8x8x8x16__c64__l3__trace-off
,p100,68.0,8x8x8x16,3,cold,c64,0,0.372009763996175,quda,off,4.6737457461390857e-07,p100__8x8x8x16__c64__l3__trace-off
,p100,68.0,8x8x8x16,3,warmup,c64,0,0.41337331300019287,quda,off,4.6737457461390857e-07,p100__8x8x8x16__c64__l3__trace-off
,p100,68.0,8x8x8x16,3,warmup,c64,1,0.4093689869987429,quda,off,4.6737457461390857e-07,p100__8x8x8x16__c64__l3__trace-off
,p100,68.0,8x8x8x16,3,steady,c64,0,0.5870650090000709,quda,off,4.6737457461390857e-07,p100__8x8x8x16__c64__l3__trace-off
,p100,68.0,8x8x8x16,3,steady,c64,1,0.4054751670046244,quda,off,4.6737457461390857e-07,p100__8x8x8x16__c64__l3__trace-off
,p100,68.0,8x8x8x16,3,steady,c64,2,0.42511637600546237,quda,off,4.6737457461390857e-07,p100__8x8x8x16__c64__l3__trace-off
,p100,68.0,8x8x8x16,3,steady,c64,3,0.3765583370040986,quda,off,4.6737457461390857e-07,p100__8x8x8x16__c64__l3__trace-off
,p100,68.0,8x8x8x16,3,steady,c64,4,0.3804820590012241,quda,off,4.6737457461390857e-07,p100__8x8x8x16__c64__l3__trace-off
,p100,90.0,8x8x8x16,3,cold,c64,0,1.4055704109923681,pyqcu,on,3.7775181904828944e-07,p100__8x8x8x16__c64__l3__trace-on
,p100,90.0,8x8x8x16,3,warmup,c64,0,1.3884710709971841,pyqcu,on,3.7775181904828944e-07,p100__8x8x8x16__c64__l3__trace-on
,p100,90.0,8x8x8x16,3,warmup,c64,1,1.4105228249973152,pyqcu,on,3.7775181904828944e-07,p100__8x8x8x16__c64__l3__trace-on
,p100,90.0,8x8x8x16,3,steady,c64,0,1.432378368001082,pyqcu,on,3.7775181904828944e-07,p100__8x8x8x16__c64__l3__trace-on
,p100,90.0,8x8x8x16,3,steady,c64,1,1.4340574130037567,pyqcu,on,3.7775181904828944e-07,p100__8x8x8x16__c64__l3__trace-on
,p100,90.0,8x8x8x16,3,steady,c64,2,1.4385829250095412,pyqcu,on,3.7775181904828944e-07,p100__8x8x8x16__c64__l3__trace-on
,p100,90.0,8x8x8x16,3,steady,c64,3,1.4007878490083385,pyqcu,on,3.7775181904828944e-07,p100__8x8x8x16__c64__l3__trace-on
,p100,90.0,8x8x8x16,3,steady,c64,4,1.4218537060078233,pyqcu,on,3.7775181904828944e-07,p100__8x8x8x16__c64__l3__trace-on
,p100,68.0,8x8x8x16,3,cold,c64,0,0.4076997929951176,quda,on,4.6737457461390857e-07,p100__8x8x8x16__c64__l3__trace-on
,p100,68.0,8x8x8x16,3,warmup,c64,0,0.36030516000028,quda,on,4.6737457461390857e-07,p100__8x8x8x16__c64__l3__trace-on
,p100,68.0,8x8x8x16,3,warmup,c64,1,0.3728719530045055,quda,on,4.6737457461390857e-07,p100__8x8x8x16__c64__l3__trace-on
,p100,68.0,8x8x8x16,3,steady,c64,0,0.38348553700052435,quda,on,4.6737457461390857e-07,p100__8x8x8x16__c64__l3__trace-on
,p100,68.0,8x8x8x16,3,steady,c64,1,0.3770442829991225,quda,on,4.6737457461390857e-07,p100__8x8x8x16__c64__l3__trace-on
,p100,68.0,8x8x8x16,3,steady,c64,2,0.4016872409993084,quda,on,4.6737457461390857e-07,p100__8x8x8x16__c64__l3__trace-on
,p100,68.0,8x8x8x16,3,steady,c64,3,0.368383504996018,quda,on,4.6737457461390857e-07,p100__8x8x8x16__c64__l3__trace-on
,p100,68.0,8x8x8x16,3,steady,c64,4,0.3767928539964487,quda,on,4.6737457461390857e-07,p100__8x8x8x16__c64__l3__trace-on
,v100,129.0,16x16x16x16,1,cold,c128,0,0.754065939996508,pyqcu,off,1.6782179532707867e-08,v100__16x16x16x16__c128__l1__trace-off
,v100,129.0,16x16x16x16,1,warmup,c128,0,0.9179805519961519,pyqcu,off,1.6782179532707867e-08,v100__16x16x16x16__c128__l1__trace-off
,v100,129.0,16x16x16x16,1,warmup,c128,1,0.8729667589941528,pyqcu,off,1.6782179532707867e-08,v100__16x16x16x16__c128__l1__trace-off
,v100,129.0,16x16x16x16,1,steady,c128,0,0.8991895700019086,pyqcu,off,1.6782179532707867e-08,v100__16x16x16x16__c128__l1__trace-off
,v100,129.0,16x16x16x16,1,steady,c128,1,0.8542835009866394,pyqcu,off,1.6782179532707867e-08,v100__16x16x16x16__c128__l1__trace-off
,v100,129.0,16x16x16x16,1,steady,c128,2,0.8821239140088437,pyqcu,off,1.6782179532707867e-08,v100__16x16x16x16__c128__l1__trace-off
,v100,129.0,16x16x16x16,1,steady,c128,3,0.8460121220123256,pyqcu,off,1.6782179532707867e-08,v100__16x16x16x16__c128__l1__trace-off
,v100,129.0,16x16x16x16,1,steady,c128,4,0.8526246049877955,pyqcu,off,1.6782179532707867e-08,v100__16x16x16x16__c128__l1__trace-off
,v100,81.0,16x16x16x16,1,cold,c128,0,0.45290253800339997,quda,off,1.8334761337857784e-08,v100__16x16x16x16__c128__l1__trace-off
,v100,81.0,16x16x16x16,1,warmup,c128,0,0.13971076099551283,quda,off,1.8334761337857784e-08,v100__16x16x16x16__c128__l1__trace-off
,v100,81.0,16x16x16x16,1,warmup,c128,1,0.141730290997657,quda,off,1.8334761337857784e-08,v100__16x16x16x16__c128__l1__trace-off
,v100,81.0,16x16x16x16,1,steady,c128,0,0.14172549000068102,quda,off,1.8334761337857784e-08,v100__16x16x16x16__c128__l1__trace-off
,v100,81.0,16x16x16x16,1,steady,c128,1,0.13917802699143067,quda,off,1.8334761337857784e-08,v100__16x16x16x16__c128__l1__trace-off
,v100,81.0,16x16x16x16,1,steady,c128,2,0.1490442600043025,quda,off,1.8334761337857784e-08,v100__16x16x16x16__c128__l1__trace-off
,v100,81.0,16x16x16x16,1,steady,c128,3,0.14734795199183282,quda,off,1.8334761337857784e-08,v100__16x16x16x16__c128__l1__trace-off
,v100,81.0,16x16x16x16,1,steady,c128,4,0.1413781679875683,quda,off,1.8334761337857784e-08,v100__16x16x16x16__c128__l1__trace-off
,v100,129.0,16x16x16x16,1,cold,c128,0,0.7314624759892467,pyqcu,on,1.6782179532707867e-08,v100__16x16x16x16__c128__l1__trace-on
,v100,129.0,16x16x16x16,1,warmup,c128,0,0.6836800220044097,pyqcu,on,1.6782179532707867e-08,v100__16x16x16x16__c128__l1__trace-on
,v100,129.0,16x16x16x16,1,warmup,c128,1,0.6580172980029602,pyqcu,on,1.6782179532707867e-08,v100__16x16x16x16__c128__l1__trace-on
,v100,129.0,16x16x16x16,1,steady,c128,0,0.6708053210022626,pyqcu,on,1.6782179532707867e-08,v100__16x16x16x16__c128__l1__trace-on
,v100,129.0,16x16x16x16,1,steady,c128,1,0.6916890019929269,pyqcu,on,1.6782179532707867e-08,v100__16x16x16x16__c128__l1__trace-on
,v100,129.0,16x16x16x16,1,steady,c128,2,0.6503976680105552,pyqcu,on,1.6782179532707867e-08,v100__16x16x16x16__c128__l1__trace-on
,v100,129.0,16x16x16x16,1,steady,c128,3,0.6446388420008589,pyqcu,on,1.6782179532707867e-08,v100__16x16x16x16__c128__l1__trace-on
,v100,129.0,16x16x16x16,1,steady,c128,4,0.6749438559927512,pyqcu,on,1.6782179532707867e-08,v100__16x16x16x16__c128__l1__trace-on
,v100,81.0,16x16x16x16,1,cold,c128,0,0.1426179139962187,quda,on,1.8334761337857784e-08,v100__16x16x16x16__c128__l1__trace-on
,v100,81.0,16x16x16x16,1,warmup,c128,0,0.14263361299526878,quda,on,1.8334761337857784e-08,v100__16x16x16x16__c128__l1__trace-on
,v100,81.0,16x16x16x16,1,warmup,c128,1,0.14004986599320546,quda,on,1.8334761337857784e-08,v100__16x16x16x16__c128__l1__trace-on
,v100,81.0,16x16x16x16,1,steady,c128,0,0.13921981801104266,quda,on,1.8334761337857784e-08,v100__16x16x16x16__c128__l1__trace-on
,v100,81.0,16x16x16x16,1,steady,c128,1,0.13769393198890612,quda,on,1.8334761337857784e-08,v100__16x16x16x16__c128__l1__trace-on
,v100,81.0,16x16x16x16,1,steady,c128,2,0.13768433200311847,quda,on,1.8334761337857784e-08,v100__16x16x16x16__c128__l1__trace-on
,v100,81.0,16x16x16x16,1,steady,c128,3,0.14450981900154147,quda,on,1.8334761337857784e-08,v100__16x16x16x16__c128__l1__trace-on
,v100,81.0,16x16x16x16,1,steady,c128,4,0.14107732400589157,quda,on,1.8334761337857784e-08,v100__16x16x16x16__c128__l1__trace-on
,v100,129.0,16x16x16x16,2,cold,c128,0,0.754065939996508,pyqcu,off,1.6782179532707867e-08,v100__16x16x16x16__c128__l2__trace-off
,v100,129.0,16x16x16x16,2,warmup,c128,0,0.9179805519961519,pyqcu,off,1.6782179532707867e-08,v100__16x16x16x16__c128__l2__trace-off
,v100,129.0,16x16x16x16,2,warmup,c128,1,0.8729667589941528,pyqcu,off,1.6782179532707867e-08,v100__16x16x16x16__c128__l2__trace-off
,v100,129.0,16x16x16x16,2,steady,c128,0,0.8991895700019086,pyqcu,off,1.6782179532707867e-08,v100__16x16x16x16__c128__l2__trace-off
,v100,129.0,16x16x16x16,2,steady,c128,1,0.8542835009866394,pyqcu,off,1.6782179532707867e-08,v100__16x16x16x16__c128__l2__trace-off
,v100,129.0,16x16x16x16,2,steady,c128,2,0.8821239140088437,pyqcu,off,1.6782179532707867e-08,v100__16x16x16x16__c128__l2__trace-off
,v100,129.0,16x16x16x16,2,steady,c128,3,0.8460121220123256,pyqcu,off,1.6782179532707867e-08,v100__16x16x16x16__c128__l2__trace-off
,v100,129.0,16x16x16x16,2,steady,c128,4,0.8526246049877955,pyqcu,off,1.6782179532707867e-08,v100__16x16x16x16__c128__l2__trace-off
,v100,81.0,16x16x16x16,2,cold,c128,0,0.45290253800339997,quda,off,1.8334761337857784e-08,v100__16x16x16x16__c128__l2__trace-off
,v100,81.0,16x16x16x16,2,warmup,c128,0,0.13971076099551283,quda,off,1.8334761337857784e-08,v100__16x16x16x16__c128__l2__trace-off
,v100,81.0,16x16x16x16,2,warmup,c128,1,0.141730290997657,quda,off,1.8334761337857784e-08,v100__16x16x16x16__c128__l2__trace-off
,v100,81.0,16x16x16x16,2,steady,c128,0,0.14172549000068102,quda,off,1.8334761337857784e-08,v100__16x16x16x16__c128__l2__trace-off
,v100,81.0,16x16x16x16,2,steady,c128,1,0.13917802699143067,quda,off,1.8334761337857784e-08,v100__16x16x16x16__c128__l2__trace-off
,v100,81.0,16x16x16x16,2,steady,c128,2,0.1490442600043025,quda,off,1.8334761337857784e-08,v100__16x16x16x16__c128__l2__trace-off
,v100,81.0,16x16x16x16,2,steady,c128,3,0.14734795199183282,quda,off,1.8334761337857784e-08,v100__16x16x16x16__c128__l2__trace-off
,v100,81.0,16x16x16x16,2,steady,c128,4,0.1413781679875683,quda,off,1.8334761337857784e-08,v100__16x16x16x16__c128__l2__trace-off
,v100,129.0,16x16x16x16,2,cold,c128,0,0.7314624759892467,pyqcu,on,1.6782179532707867e-08,v100__16x16x16x16__c128__l2__trace-on
,v100,129.0,16x16x16x16,2,warmup,c128,0,0.6836800220044097,pyqcu,on,1.6782179532707867e-08,v100__16x16x16x16__c128__l2__trace-on
,v100,129.0,16x16x16x16,2,warmup,c128,1,0.6580172980029602,pyqcu,on,1.6782179532707867e-08,v100__16x16x16x16__c128__l2__trace-on
,v100,129.0,16x16x16x16,2,steady,c128,0,0.6708053210022626,pyqcu,on,1.6782179532707867e-08,v100__16x16x16x16__c128__l2__trace-on
,v100,129.0,16x16x16x16,2,steady,c128,1,0.6916890019929269,pyqcu,on,1.6782179532707867e-08,v100__16x16x16x16__c128__l2__trace-on
,v100,129.0,16x16x16x16,2,steady,c128,2,0.6503976680105552,pyqcu,on,1.6782179532707867e-08,v100__16x16x16x16__c128__l2__trace-on
,v100,129.0,16x16x16x16,2,steady,c128,3,0.6446388420008589,pyqcu,on,1.6782179532707867e-08,v100__16x16x16x16__c128__l2__trace-on
,v100,129.0,16x16x16x16,2,steady,c128,4,0.6749438559927512,pyqcu,on,1.6782179532707867e-08,v100__16x16x16x16__c128__l2__trace-on
,v100,81.0,16x16x16x16,2,cold,c128,0,0.1426179139962187,quda,on,1.8334761337857784e-08,v100__16x16x16x16__c128__l2__trace-on
,v100,81.0,16x16x16x16,2,warmup,c128,0,0.14263361299526878,quda,on,1.8334761337857784e-08,v100__16x16x16x16__c128__l2__trace-on
,v100,81.0,16x16x16x16,2,warmup,c128,1,0.14004986599320546,quda,on,1.8334761337857784e-08,v100__16x16x16x16__c128__l2__trace-on
,v100,81.0,16x16x16x16,2,steady,c128,0,0.13921981801104266,quda,on,1.8334761337857784e-08,v100__16x16x16x16__c128__l2__trace-on
,v100,81.0,16x16x16x16,2,steady,c128,1,0.13769393198890612,quda,on,1.8334761337857784e-08,v100__16x16x16x16__c128__l2__trace-on
,v100,81.0,16x16x16x16,2,steady,c128,2,0.13768433200311847,quda,on,1.8334761337857784e-08,v100__16x16x16x16__c128__l2__trace-on
,v100,81.0,16x16x16x16,2,steady,c128,3,0.14450981900154147,quda,on,1.8334761337857784e-08,v100__16x16x16x16__c128__l2__trace-on
,v100,81.0,16x16x16x16,2,steady,c128,4,0.14107732400589157,quda,on,1.8334761337857784e-08,v100__16x16x16x16__c128__l2__trace-on
,v100,129.0,16x16x16x16,3,cold,c128,0,0.7077639980125241,pyqcu,off,1.6782179532707867e-08,v100__16x16x16x16__c128__l3__trace-off
,v100,129.0,16x16x16x16,3,warmup,c128,0,0.8360726980026811,pyqcu,off,1.6782179532707867e-08,v100__16x16x16x16__c128__l3__trace-off
,v100,129.0,16x16x16x16,3,warmup,c128,1,0.8104351440124447,pyqcu,off,1.6782179532707867e-08,v100__16x16x16x16__c128__l3__trace-off
,v100,129.0,16x16x16x16,3,steady,c128,0,0.8735668720037211,pyqcu,off,1.6782179532707867e-08,v100__16x16x16x16__c128__l3__trace-off
,v100,129.0,16x16x16x16,3,steady,c128,1,0.8636884730076417,pyqcu,off,1.6782179532707867e-08,v100__16x16x16x16__c128__l3__trace-off
,v100,129.0,16x16x16x16,3,steady,c128,2,0.8309043850022135,pyqcu,off,1.6782179532707867e-08,v100__16x16x16x16__c128__l3__trace-off
,v100,129.0,16x16x16x16,3,steady,c128,3,0.7901262119994499,pyqcu,off,1.6782179532707867e-08,v100__16x16x16x16__c128__l3__trace-off
,v100,129.0,16x16x16x16,3,steady,c128,4,0.9563862700015306,pyqcu,off,1.6782179532707867e-08,v100__16x16x16x16__c128__l3__trace-off
,v100,81.0,16x16x16x16,3,cold,c128,0,0.1402805969992187,quda,off,1.8334761337857784e-08,v100__16x16x16x16__c128__l3__trace-off
,v100,81.0,16x16x16x16,3,warmup,c128,0,0.1302907149947714,quda,off,1.8334761337857784e-08,v100__16x16x16x16__c128__l3__trace-off
,v100,81.0,16x16x16x16,3,warmup,c128,1,0.12462909199530259,quda,off,1.8334761337857784e-08,v100__16x16x16x16__c128__l3__trace-off
,v100,81.0,16x16x16x16,3,steady,c128,0,0.13001629800419323,quda,off,1.8334761337857784e-08,v100__16x16x16x16__c128__l3__trace-off
,v100,81.0,16x16x16x16,3,steady,c128,1,0.1276998669927707,quda,off,1.8334761337857784e-08,v100__16x16x16x16__c128__l3__trace-off
,v100,81.0,16x16x16x16,3,steady,c128,2,0.1247329979960341,quda,off,1.8334761337857784e-08,v100__16x16x16x16__c128__l3__trace-off
,v100,81.0,16x16x16x16,3,steady,c128,3,0.13978485400730278,quda,off,1.8334761337857784e-08,v100__16x16x16x16__c128__l3__trace-off
,v100,81.0,16x16x16x16,3,steady,c128,4,0.1350159830035409,quda,off,1.8334761337857784e-08,v100__16x16x16x16__c128__l3__trace-off
,v100,129.0,16x16x16x16,3,cold,c128,0,0.6734055519918911,pyqcu,on,1.6782179532707867e-08,v100__16x16x16x16__c128__l3__trace-on
,v100,129.0,16x16x16x16,3,warmup,c128,0,0.8348202479974134,pyqcu,on,1.6782179532707867e-08,v100__16x16x16x16__c128__l3__trace-on
,v100,129.0,16x16x16x16,3,warmup,c128,1,0.7084042839996982,pyqcu,on,1.6782179532707867e-08,v100__16x16x16x16__c128__l3__trace-on
,v100,129.0,16x16x16x16,3,steady,c128,0,0.7053375119867269,pyqcu,on,1.6782179532707867e-08,v100__16x16x16x16__c128__l3__trace-on
,v100,129.0,16x16x16x16,3,steady,c128,1,0.6903896770090796,pyqcu,on,1.6782179532707867e-08,v100__16x16x16x16__c128__l3__trace-on
,v100,129.0,16x16x16x16,3,steady,c128,2,0.7216039550112328,pyqcu,on,1.6782179532707867e-08,v100__16x16x16x16__c128__l3__trace-on
,v100,129.0,16x16x16x16,3,steady,c128,3,0.6628107879951131,pyqcu,on,1.6782179532707867e-08,v100__16x16x16x16__c128__l3__trace-on
,v100,129.0,16x16x16x16,3,steady,c128,4,0.6594973979954375,pyqcu,on,1.6782179532707867e-08,v100__16x16x16x16__c128__l3__trace-on
,v100,81.0,16x16x16x16,3,cold,c128,0,0.15521261900721584,quda,on,1.8334761337857784e-08,v100__16x16x16x16__c128__l3__trace-on
,v100,81.0,16x16x16x16,3,warmup,c128,0,0.14708696999878157,quda,on,1.8334761337857784e-08,v100__16x16x16x16__c128__l3__trace-on
,v100,81.0,16x16x16x16,3,warmup,c128,1,0.15097421999962535,quda,on,1.8334761337857784e-08,v100__16x16x16x16__c128__l3__trace-on
,v100,81.0,16x16x16x16,3,steady,c128,0,0.14343443399411626,quda,on,1.8334761337857784e-08,v100__16x16x16x16__c128__l3__trace-on
,v100,81.0,16x16x16x16,3,steady,c128,1,0.14428458899783436,quda,on,1.8334761337857784e-08,v100__16x16x16x16__c128__l3__trace-on
,v100,81.0,16x16x16x16,3,steady,c128,2,0.15018486899498384,quda,on,1.8334761337857784e-08,v100__16x16x16x16__c128__l3__trace-on
,v100,81.0,16x16x16x16,3,steady,c128,3,0.14212694999878295,quda,on,1.8334761337857784e-08,v100__16x16x16x16__c128__l3__trace-on
,v100,81.0,16x16x16x16,3,steady,c128,4,0.14359234500443563,quda,on,1.8334761337857784e-08,v100__16x16x16x16__c128__l3__trace-on
,v100,90.0,16x16x16x16,1,cold,c64,0,0.5032089070009533,pyqcu,off,3.3935020227110806e-07,v100__16x16x16x16__c64__l1__trace-off
,v100,90.0,16x16x16x16,1,warmup,c64,0,0.5453739570002654,pyqcu,off,3.3935020227110806e-07,v100__16x16x16x16__c64__l1__trace-off
,v100,90.0,16x16x16x16,1,warmup,c64,1,0.7642252000005101,pyqcu,off,3.3935020227110806e-07,v100__16x16x16x16__c64__l1__trace-off
,v100,90.0,16x16x16x16,1,steady,c64,0,0.6309608839947032,pyqcu,off,3.3935020227110806e-07,v100__16x16x16x16__c64__l1__trace-off
,v100,90.0,16x16x16x16,1,steady,c64,1,0.5931424509981298,pyqcu,off,3.3935020227110806e-07,v100__16x16x16x16__c64__l1__trace-off
,v100,90.0,16x16x16x16,1,steady,c64,2,0.5427432090000366,pyqcu,off,3.3935020227110806e-07,v100__16x16x16x16__c64__l1__trace-off
,v100,90.0,16x16x16x16,1,steady,c64,3,0.4923093239995069,pyqcu,off,3.3935020227110806e-07,v100__16x16x16x16__c64__l1__trace-off
,v100,90.0,16x16x16x16,1,steady,c64,4,0.5080557550027152,pyqcu,off,3.3935020227110806e-07,v100__16x16x16x16__c64__l1__trace-off
,v100,63.0,16x16x16x16,1,cold,c64,0,0.5291944720083848,quda,off,6.907945887772199e-07,v100__16x16x16x16__c64__l1__trace-off
,v100,63.0,16x16x16x16,1,warmup,c64,0,0.1186618380015716,quda,off,6.907945887772199e-07,v100__16x16x16x16__c64__l1__trace-off
,v100,63.0,16x16x16x16,1,warmup,c64,1,0.12001231299655046,quda,off,6.907945887772199e-07,v100__16x16x16x16__c64__l1__trace-off
,v100,63.0,16x16x16x16,1,steady,c64,0,0.1025303350033937,quda,off,6.907945887772199e-07,v100__16x16x16x16__c64__l1__trace-off
,v100,63.0,16x16x16x16,1,steady,c64,1,0.11492862900195178,quda,off,6.907945887772199e-07,v100__16x16x16x16__c64__l1__trace-off
,v100,63.0,16x16x16x16,1,steady,c64,2,0.10422313000890426,quda,off,6.907945887772199e-07,v100__16x16x16x16__c64__l1__trace-off
,v100,63.0,16x16x16x16,1,steady,c64,3,0.11109341400151607,quda,off,6.907945887772199e-07,v100__16x16x16x16__c64__l1__trace-off
,v100,63.0,16x16x16x16,1,steady,c64,4,0.11124282200762536,quda,off,6.907945887772199e-07,v100__16x16x16x16__c64__l1__trace-off
,v100,90.0,16x16x16x16,1,cold,c64,0,0.4201097710028989,pyqcu,on,3.3935020227110806e-07,v100__16x16x16x16__c64__l1__trace-on
,v100,90.0,16x16x16x16,1,warmup,c64,0,0.45308687099895906,pyqcu,on,3.3935020227110806e-07,v100__16x16x16x16__c64__l1__trace-on
,v100,90.0,16x16x16x16,1,warmup,c64,1,0.4137412579948432,pyqcu,on,3.3935020227110806e-07,v100__16x16x16x16__c64__l1__trace-on
,v100,90.0,16x16x16x16,1,steady,c64,0,0.4501092040009098,pyqcu,on,3.3935020227110806e-07,v100__16x16x16x16__c64__l1__trace-on
,v100,90.0,16x16x16x16,1,steady,c64,1,0.4486498219994246,pyqcu,on,3.3935020227110806e-07,v100__16x16x16x16__c64__l1__trace-on
,v100,90.0,16x16x16x16,1,steady,c64,2,0.4621484800009057,pyqcu,on,3.3935020227110806e-07,v100__16x16x16x16__c64__l1__trace-on
,v100,90.0,16x16x16x16,1,steady,c64,3,0.49898175000271294,pyqcu,on,3.3935020227110806e-07,v100__16x16x16x16__c64__l1__trace-on
,v100,90.0,16x16x16x16,1,steady,c64,4,0.444124366993492,pyqcu,on,3.3935020227110806e-07,v100__16x16x16x16__c64__l1__trace-on
,v100,63.0,16x16x16x16,1,cold,c64,0,0.1438094470067881,quda,on,6.907945887772199e-07,v100__16x16x16x16__c64__l1__trace-on
,v100,63.0,16x16x16x16,1,warmup,c64,0,0.1373104840022279,quda,on,6.907945887772199e-07,v100__16x16x16x16__c64__l1__trace-on
,v100,63.0,16x16x16x16,1,warmup,c64,1,0.1412803089915542,quda,on,6.907945887772199e-07,v100__16x16x16x16__c64__l1__trace-on
,v100,63.0,16x16x16x16,1,steady,c64,0,0.13023718300973997,quda,on,6.907945887772199e-07,v100__16x16x16x16__c64__l1__trace-on
,v100,63.0,16x16x16x16,1,steady,c64,1,0.13294163600949105,quda,on,6.907945887772199e-07,v100__16x16x16x16__c64__l1__trace-on
,v100,63.0,16x16x16x16,1,steady,c64,2,0.13610091600276064,quda,on,6.907945887772199e-07,v100__16x16x16x16__c64__l1__trace-on
,v100,63.0,16x16x16x16,1,steady,c64,3,0.13627062500745524,quda,on,6.907945887772199e-07,v100__16x16x16x16__c64__l1__trace-on
,v100,63.0,16x16x16x16,1,steady,c64,4,0.12299567300942726,quda,on,6.907945887772199e-07,v100__16x16x16x16__c64__l1__trace-on
,v100,90.0,16x16x16x16,2,cold,c64,0,0.5032089070009533,pyqcu,off,3.3935020227110806e-07,v100__16x16x16x16__c64__l2__trace-off
,v100,90.0,16x16x16x16,2,warmup,c64,0,0.5453739570002654,pyqcu,off,3.3935020227110806e-07,v100__16x16x16x16__c64__l2__trace-off
,v100,90.0,16x16x16x16,2,warmup,c64,1,0.7642252000005101,pyqcu,off,3.3935020227110806e-07,v100__16x16x16x16__c64__l2__trace-off
,v100,90.0,16x16x16x16,2,steady,c64,0,0.6309608839947032,pyqcu,off,3.3935020227110806e-07,v100__16x16x16x16__c64__l2__trace-off
,v100,90.0,16x16x16x16,2,steady,c64,1,0.5931424509981298,pyqcu,off,3.3935020227110806e-07,v100__16x16x16x16__c64__l2__trace-off
,v100,90.0,16x16x16x16,2,steady,c64,2,0.5427432090000366,pyqcu,off,3.3935020227110806e-07,v100__16x16x16x16__c64__l2__trace-off
,v100,90.0,16x16x16x16,2,steady,c64,3,0.4923093239995069,pyqcu,off,3.3935020227110806e-07,v100__16x16x16x16__c64__l2__trace-off
,v100,90.0,16x16x16x16,2,steady,c64,4,0.5080557550027152,pyqcu,off,3.3935020227110806e-07,v100__16x16x16x16__c64__l2__trace-off
,v100,63.0,16x16x16x16,2,cold,c64,0,0.5291944720083848,quda,off,6.907945887772199e-07,v100__16x16x16x16__c64__l2__trace-off
,v100,63.0,16x16x16x16,2,warmup,c64,0,0.1186618380015716,quda,off,6.907945887772199e-07,v100__16x16x16x16__c64__l2__trace-off
,v100,63.0,16x16x16x16,2,warmup,c64,1,0.12001231299655046,quda,off,6.907945887772199e-07,v100__16x16x16x16__c64__l2__trace-off
,v100,63.0,16x16x16x16,2,steady,c64,0,0.1025303350033937,quda,off,6.907945887772199e-07,v100__16x16x16x16__c64__l2__trace-off
,v100,63.0,16x16x16x16,2,steady,c64,1,0.11492862900195178,quda,off,6.907945887772199e-07,v100__16x16x16x16__c64__l2__trace-off
,v100,63.0,16x16x16x16,2,steady,c64,2,0.10422313000890426,quda,off,6.907945887772199e-07,v100__16x16x16x16__c64__l2__trace-off
,v100,63.0,16x16x16x16,2,steady,c64,3,0.11109341400151607,quda,off,6.907945887772199e-07,v100__16x16x16x16__c64__l2__trace-off
,v100,63.0,16x16x16x16,2,steady,c64,4,0.11124282200762536,quda,off,6.907945887772199e-07,v100__16x16x16x16__c64__l2__trace-off
,v100,90.0,16x16x16x16,2,cold,c64,0,0.4201097710028989,pyqcu,on,3.3935020227110806e-07,v100__16x16x16x16__c64__l2__trace-on
,v100,90.0,16x16x16x16,2,warmup,c64,0,0.45308687099895906,pyqcu,on,3.3935020227110806e-07,v100__16x16x16x16__c64__l2__trace-on
,v100,90.0,16x16x16x16,2,warmup,c64,1,0.4137412579948432,pyqcu,on,3.3935020227110806e-07,v100__16x16x16x16__c64__l2__trace-on
,v100,90.0,16x16x16x16,2,steady,c64,0,0.4501092040009098,pyqcu,on,3.3935020227110806e-07,v100__16x16x16x16__c64__l2__trace-on
,v100,90.0,16x16x16x16,2,steady,c64,1,0.4486498219994246,pyqcu,on,3.3935020227110806e-07,v100__16x16x16x16__c64__l2__trace-on
,v100,90.0,16x16x16x16,2,steady,c64,2,0.4621484800009057,pyqcu,on,3.3935020227110806e-07,v100__16x16x16x16__c64__l2__trace-on
,v100,90.0,16x16x16x16,2,steady,c64,3,0.49898175000271294,pyqcu,on,3.3935020227110806e-07,v100__16x16x16x16__c64__l2__trace-on
,v100,90.0,16x16x16x16,2,steady,c64,4,0.444124366993492,pyqcu,on,3.3935020227110806e-07,v100__16x16x16x16__c64__l2__trace-on
,v100,63.0,16x16x16x16,2,cold,c64,0,0.1438094470067881,quda,on,6.907945887772199e-07,v100__16x16x16x16__c64__l2__trace-on
,v100,63.0,16x16x16x16,2,warmup,c64,0,0.1373104840022279,quda,on,6.907945887772199e-07,v100__16x16x16x16__c64__l2__trace-on
,v100,63.0,16x16x16x16,2,warmup,c64,1,0.1412803089915542,quda,on,6.907945887772199e-07,v100__16x16x16x16__c64__l2__trace-on
,v100,63.0,16x16x16x16,2,steady,c64,0,0.13023718300973997,quda,on,6.907945887772199e-07,v100__16x16x16x16__c64__l2__trace-on
,v100,63.0,16x16x16x16,2,steady,c64,1,0.13294163600949105,quda,on,6.907945887772199e-07,v100__16x16x16x16__c64__l2__trace-on
,v100,63.0,16x16x16x16,2,steady,c64,2,0.13610091600276064,quda,on,6.907945887772199e-07,v100__16x16x16x16__c64__l2__trace-on
,v100,63.0,16x16x16x16,2,steady,c64,3,0.13627062500745524,quda,on,6.907945887772199e-07,v100__16x16x16x16__c64__l2__trace-on
,v100,63.0,16x16x16x16,2,steady,c64,4,0.12299567300942726,quda,on,6.907945887772199e-07,v100__16x16x16x16__c64__l2__trace-on
,v100,90.0,16x16x16x16,3,cold,c64,0,0.5155500130058499,pyqcu,off,3.3935020227110806e-07,v100__16x16x16x16__c64__l3__trace-off
,v100,90.0,16x16x16x16,3,warmup,c64,0,0.5748192380051478,pyqcu,off,3.3935020227110806e-07,v100__16x16x16x16__c64__l3__trace-off
,v100,90.0,16x16x16x16,3,warmup,c64,1,0.5714427510029054,pyqcu,off,3.3935020227110806e-07,v100__16x16x16x16__c64__l3__trace-off
,v100,90.0,16x16x16x16,3,steady,c64,0,0.5510100110041094,pyqcu,off,3.3935020227110806e-07,v100__16x16x16x16__c64__l3__trace-off
,v100,90.0,16x16x16x16,3,steady,c64,1,0.5304192640032852,pyqcu,off,3.3935020227110806e-07,v100__16x16x16x16__c64__l3__trace-off
,v100,90.0,16x16x16x16,3,steady,c64,2,0.5647941800052649,pyqcu,off,3.3935020227110806e-07,v100__16x16x16x16__c64__l3__trace-off
,v100,90.0,16x16x16x16,3,steady,c64,3,0.5791584799953853,pyqcu,off,3.3935020227110806e-07,v100__16x16x16x16__c64__l3__trace-off
,v100,90.0,16x16x16x16,3,steady,c64,4,0.5461003380041802,pyqcu,off,3.3935020227110806e-07,v100__16x16x16x16__c64__l3__trace-off
,v100,63.0,16x16x16x16,3,cold,c64,0,0.11869739700341597,quda,off,6.907945887772199e-07,v100__16x16x16x16__c64__l3__trace-off
,v100,63.0,16x16x16x16,3,warmup,c64,0,0.10994503999245353,quda,off,6.907945887772199e-07,v100__16x16x16x16__c64__l3__trace-off
,v100,63.0,16x16x16x16,3,warmup,c64,1,0.1126336919987807,quda,off,6.907945887772199e-07,v100__16x16x16x16__c64__l3__trace-off
,v100,63.0,16x16x16x16,3,steady,c64,0,0.10625212900049519,quda,off,6.907945887772199e-07,v100__16x16x16x16__c64__l3__trace-off
,v100,63.0,16x16x16x16,3,steady,c64,1,0.1071977829997195,quda,off,6.907945887772199e-07,v100__16x16x16x16__c64__l3__trace-off
,v100,63.0,16x16x16x16,3,steady,c64,2,0.10926830099197105,quda,off,6.907945887772199e-07,v100__16x16x16x16__c64__l3__trace-off
,v100,63.0,16x16x16x16,3,steady,c64,3,0.11118240900395904,quda,off,6.907945887772199e-07,v100__16x16x16x16__c64__l3__trace-off
,v100,63.0,16x16x16x16,3,steady,c64,4,0.11455119999300223,quda,off,6.907945887772199e-07,v100__16x16x16x16__c64__l3__trace-off
,v100,90.0,16x16x16x16,3,cold,c64,0,0.46738066200487083,pyqcu,on,3.3935020227110806e-07,v100__16x16x16x16__c64__l3__trace-on
,v100,90.0,16x16x16x16,3,warmup,c64,0,0.47022032299719285,pyqcu,on,3.3935020227110806e-07,v100__16x16x16x16__c64__l3__trace-on
,v100,90.0,16x16x16x16,3,warmup,c64,1,0.40759861699916655,pyqcu,on,3.3935020227110806e-07,v100__16x16x16x16__c64__l3__trace-on
,v100,90.0,16x16x16x16,3,steady,c64,0,0.3906433680022019,pyqcu,on,3.3935020227110806e-07,v100__16x16x16x16__c64__l3__trace-on
,v100,90.0,16x16x16x16,3,steady,c64,1,0.3900541350012645,pyqcu,on,3.3935020227110806e-07,v100__16x16x16x16__c64__l3__trace-on
,v100,90.0,16x16x16x16,3,steady,c64,2,0.4049207670032047,pyqcu,on,3.3935020227110806e-07,v100__16x16x16x16__c64__l3__trace-on
,v100,90.0,16x16x16x16,3,steady,c64,3,0.3905081609991612,pyqcu,on,3.3935020227110806e-07,v100__16x16x16x16__c64__l3__trace-on
,v100,90.0,16x16x16x16,3,steady,c64,4,0.3991753450027318,pyqcu,on,3.3935020227110806e-07,v100__16x16x16x16__c64__l3__trace-on
,v100,63.0,16x16x16x16,3,cold,c64,0,0.13533931701385882,quda,on,6.907945887772199e-07,v100__16x16x16x16__c64__l3__trace-on
,v100,63.0,16x16x16x16,3,warmup,c64,0,0.16724968500784598,quda,on,6.907945887772199e-07,v100__16x16x16x16__c64__l3__trace-on
,v100,63.0,16x16x16x16,3,warmup,c64,1,0.1357317990041338,quda,on,6.907945887772199e-07,v100__16x16x16x16__c64__l3__trace-on
,v100,63.0,16x16x16x16,3,steady,c64,0,0.14864443000988103,quda,on,6.907945887772199e-07,v100__16x16x16x16__c64__l3__trace-on
,v100,63.0,16x16x16x16,3,steady,c64,1,0.14073748199734837,quda,on,6.907945887772199e-07,v100__16x16x16x16__c64__l3__trace-on
,v100,63.0,16x16x16x16,3,steady,c64,2,0.13864910700067412,quda,on,6.907945887772199e-07,v100__16x16x16x16__c64__l3__trace-on
,v100,63.0,16x16x16x16,3,steady,c64,3,0.13085654099995736,quda,on,6.907945887772199e-07,v100__16x16x16x16__c64__l3__trace-on
,v100,63.0,16x16x16x16,3,steady,c64,4,0.1280387949955184,quda,on,6.907945887772199e-07,v100__16x16x16x16__c64__l3__trace-on
,v100,143.0,16x16x32x32,1,cold,c128,0,2.026370808001957,pyqcu,off,1.6767265074916976e-08,v100__16x16x32x32__c128__l1__trace-off
,v100,143.0,16x16x32x32,1,warmup,c128,0,1.5286792350088945,pyqcu,off,1.6767265074916976e-08,v100__16x16x32x32__c128__l1__trace-off
,v100,143.0,16x16x32x32,1,warmup,c128,1,1.3577115929947468,pyqcu,off,1.6767265074916976e-08,v100__16x16x32x32__c128__l1__trace-off
,v100,143.0,16x16x32x32,1,steady,c128,0,1.5716253519931342,pyqcu,off,1.6767265074916976e-08,v100__16x16x32x32__c128__l1__trace-off
,v100,143.0,16x16x32x32,1,steady,c128,1,1.57947283500107,pyqcu,off,1.6767265074916976e-08,v100__16x16x32x32__c128__l1__trace-off
,v100,143.0,16x16x32x32,1,steady,c128,2,1.5012752220063703,pyqcu,off,1.6767265074916976e-08,v100__16x16x32x32__c128__l1__trace-off
,v100,143.0,16x16x32x32,1,steady,c128,3,1.5893716450082138,pyqcu,off,1.6767265074916976e-08,v100__16x16x32x32__c128__l1__trace-off
,v100,143.0,16x16x32x32,1,steady,c128,4,1.5799847720045364,pyqcu,off,1.6767265074916976e-08,v100__16x16x32x32__c128__l1__trace-off
,v100,102.0,16x16x32x32,1,cold,c128,0,0.9460613199917134,quda,off,1.7794279569507545e-08,v100__16x16x32x32__c128__l1__trace-off
,v100,102.0,16x16x32x32,1,warmup,c128,0,0.3455166810017545,quda,off,1.7794279569507545e-08,v100__16x16x32x32__c128__l1__trace-off
,v100,102.0,16x16x32x32,1,warmup,c128,1,0.34864855000341777,quda,off,1.7794279569507545e-08,v100__16x16x32x32__c128__l1__trace-off
,v100,102.0,16x16x32x32,1,steady,c128,0,0.3394427750026807,quda,off,1.7794279569507545e-08,v100__16x16x32x32__c128__l1__trace-off
,v100,102.0,16x16x32x32,1,steady,c128,1,0.3388022379949689,quda,off,1.7794279569507545e-08,v100__16x16x32x32__c128__l1__trace-off
,v100,102.0,16x16x32x32,1,steady,c128,2,0.351178536991938,quda,off,1.7794279569507545e-08,v100__16x16x32x32__c128__l1__trace-off
,v100,102.0,16x16x32x32,1,steady,c128,3,0.33352584100794047,quda,off,1.7794279569507545e-08,v100__16x16x32x32__c128__l1__trace-off
,v100,102.0,16x16x32x32,1,steady,c128,4,0.3376877760019852,quda,off,1.7794279569507545e-08,v100__16x16x32x32__c128__l1__trace-off
,v100,143.0,16x16x32x32,1,cold,c128,0,2.127878380008042,pyqcu,on,1.6767265074916976e-08,v100__16x16x32x32__c128__l1__trace-on
,v100,143.0,16x16x32x32,1,warmup,c128,0,1.8657248700037599,pyqcu,on,1.6767265074916976e-08,v100__16x16x32x32__c128__l1__trace-on
,v100,143.0,16x16x32x32,1,warmup,c128,1,1.8603480180026963,pyqcu,on,1.6767265074916976e-08,v100__16x16x32x32__c128__l1__trace-on
,v100,143.0,16x16x32x32,1,steady,c128,0,1.8767892159958137,pyqcu,on,1.6767265074916976e-08,v100__16x16x32x32__c128__l1__trace-on
,v100,143.0,16x16x32x32,1,steady,c128,1,1.9117401120020077,pyqcu,on,1.6767265074916976e-08,v100__16x16x32x32__c128__l1__trace-on
,v100,143.0,16x16x32x32,1,steady,c128,2,1.858347868997953,pyqcu,on,1.6767265074916976e-08,v100__16x16x32x32__c128__l1__trace-on
,v100,143.0,16x16x32x32,1,steady,c128,3,2.735342601998127,pyqcu,on,1.6767265074916976e-08,v100__16x16x32x32__c128__l1__trace-on
,v100,143.0,16x16x32x32,1,steady,c128,4,1.9384592520073056,pyqcu,on,1.6767265074916976e-08,v100__16x16x32x32__c128__l1__trace-on
,v100,102.0,16x16x32x32,1,cold,c128,0,0.35837113100569695,quda,on,1.7794279569507545e-08,v100__16x16x32x32__c128__l1__trace-on
,v100,102.0,16x16x32x32,1,warmup,c128,0,0.34758433199021965,quda,on,1.7794279569507545e-08,v100__16x16x32x32__c128__l1__trace-on
,v100,102.0,16x16x32x32,1,warmup,c128,1,0.3387950210017152,quda,on,1.7794279569507545e-08,v100__16x16x32x32__c128__l1__trace-on
,v100,102.0,16x16x32x32,1,steady,c128,0,0.3713451149960747,quda,on,1.7794279569507545e-08,v100__16x16x32x32__c128__l1__trace-on
,v100,102.0,16x16x32x32,1,steady,c128,1,0.33979437898960896,quda,on,1.7794279569507545e-08,v100__16x16x32x32__c128__l1__trace-on
,v100,102.0,16x16x32x32,1,steady,c128,2,0.34160838498792145,quda,on,1.7794279569507545e-08,v100__16x16x32x32__c128__l1__trace-on
,v100,102.0,16x16x32x32,1,steady,c128,3,0.4239248759986367,quda,on,1.7794279569507545e-08,v100__16x16x32x32__c128__l1__trace-on
,v100,102.0,16x16x32x32,1,steady,c128,4,0.3383438940072665,quda,on,1.7794279569507545e-08,v100__16x16x32x32__c128__l1__trace-on
,v100,143.0,16x16x32x32,2,cold,c128,0,2.026370808001957,pyqcu,off,1.6767265074916976e-08,v100__16x16x32x32__c128__l2__trace-off
,v100,143.0,16x16x32x32,2,warmup,c128,0,1.5286792350088945,pyqcu,off,1.6767265074916976e-08,v100__16x16x32x32__c128__l2__trace-off
,v100,143.0,16x16x32x32,2,warmup,c128,1,1.3577115929947468,pyqcu,off,1.6767265074916976e-08,v100__16x16x32x32__c128__l2__trace-off
,v100,143.0,16x16x32x32,2,steady,c128,0,1.5716253519931342,pyqcu,off,1.6767265074916976e-08,v100__16x16x32x32__c128__l2__trace-off
,v100,143.0,16x16x32x32,2,steady,c128,1,1.57947283500107,pyqcu,off,1.6767265074916976e-08,v100__16x16x32x32__c128__l2__trace-off
,v100,143.0,16x16x32x32,2,steady,c128,2,1.5012752220063703,pyqcu,off,1.6767265074916976e-08,v100__16x16x32x32__c128__l2__trace-off
,v100,143.0,16x16x32x32,2,steady,c128,3,1.5893716450082138,pyqcu,off,1.6767265074916976e-08,v100__16x16x32x32__c128__l2__trace-off
,v100,143.0,16x16x32x32,2,steady,c128,4,1.5799847720045364,pyqcu,off,1.6767265074916976e-08,v100__16x16x32x32__c128__l2__trace-off
,v100,102.0,16x16x32x32,2,cold,c128,0,0.9460613199917134,quda,off,1.7794279569507545e-08,v100__16x16x32x32__c128__l2__trace-off
,v100,102.0,16x16x32x32,2,warmup,c128,0,0.3455166810017545,quda,off,1.7794279569507545e-08,v100__16x16x32x32__c128__l2__trace-off
,v100,102.0,16x16x32x32,2,warmup,c128,1,0.34864855000341777,quda,off,1.7794279569507545e-08,v100__16x16x32x32__c128__l2__trace-off
,v100,102.0,16x16x32x32,2,steady,c128,0,0.3394427750026807,quda,off,1.7794279569507545e-08,v100__16x16x32x32__c128__l2__trace-off
,v100,102.0,16x16x32x32,2,steady,c128,1,0.3388022379949689,quda,off,1.7794279569507545e-08,v100__16x16x32x32__c128__l2__trace-off
,v100,102.0,16x16x32x32,2,steady,c128,2,0.351178536991938,quda,off,1.7794279569507545e-08,v100__16x16x32x32__c128__l2__trace-off
,v100,102.0,16x16x32x32,2,steady,c128,3,0.33352584100794047,quda,off,1.7794279569507545e-08,v100__16x16x32x32__c128__l2__trace-off
,v100,102.0,16x16x32x32,2,steady,c128,4,0.3376877760019852,quda,off,1.7794279569507545e-08,v100__16x16x32x32__c128__l2__trace-off
,v100,143.0,16x16x32x32,2,cold,c128,0,2.127878380008042,pyqcu,on,1.6767265074916976e-08,v100__16x16x32x32__c128__l2__trace-on
,v100,143.0,16x16x32x32,2,warmup,c128,0,1.8657248700037599,pyqcu,on,1.6767265074916976e-08,v100__16x16x32x32__c128__l2__trace-on
,v100,143.0,16x16x32x32,2,warmup,c128,1,1.8603480180026963,pyqcu,on,1.6767265074916976e-08,v100__16x16x32x32__c128__l2__trace-on
,v100,143.0,16x16x32x32,2,steady,c128,0,1.8767892159958137,pyqcu,on,1.6767265074916976e-08,v100__16x16x32x32__c128__l2__trace-on
,v100,143.0,16x16x32x32,2,steady,c128,1,1.9117401120020077,pyqcu,on,1.6767265074916976e-08,v100__16x16x32x32__c128__l2__trace-on
,v100,143.0,16x16x32x32,2,steady,c128,2,1.858347868997953,pyqcu,on,1.6767265074916976e-08,v100__16x16x32x32__c128__l2__trace-on
,v100,143.0,16x16x32x32,2,steady,c128,3,2.735342601998127,pyqcu,on,1.6767265074916976e-08,v100__16x16x32x32__c128__l2__trace-on
,v100,143.0,16x16x32x32,2,steady,c128,4,1.9384592520073056,pyqcu,on,1.6767265074916976e-08,v100__16x16x32x32__c128__l2__trace-on
,v100,102.0,16x16x32x32,2,cold,c128,0,0.35837113100569695,quda,on,1.7794279569507545e-08,v100__16x16x32x32__c128__l2__trace-on
,v100,102.0,16x16x32x32,2,warmup,c128,0,0.34758433199021965,quda,on,1.7794279569507545e-08,v100__16x16x32x32__c128__l2__trace-on
,v100,102.0,16x16x32x32,2,warmup,c128,1,0.3387950210017152,quda,on,1.7794279569507545e-08,v100__16x16x32x32__c128__l2__trace-on
,v100,102.0,16x16x32x32,2,steady,c128,0,0.3713451149960747,quda,on,1.7794279569507545e-08,v100__16x16x32x32__c128__l2__trace-on
,v100,102.0,16x16x32x32,2,steady,c128,1,0.33979437898960896,quda,on,1.7794279569507545e-08,v100__16x16x32x32__c128__l2__trace-on
,v100,102.0,16x16x32x32,2,steady,c128,2,0.34160838498792145,quda,on,1.7794279569507545e-08,v100__16x16x32x32__c128__l2__trace-on
,v100,102.0,16x16x32x32,2,steady,c128,3,0.4239248759986367,quda,on,1.7794279569507545e-08,v100__16x16x32x32__c128__l2__trace-on
,v100,102.0,16x16x32x32,2,steady,c128,4,0.3383438940072665,quda,on,1.7794279569507545e-08,v100__16x16x32x32__c128__l2__trace-on
,v100,143.0,16x16x32x32,3,cold,c128,0,2.16383359899919,pyqcu,off,1.6767265074916976e-08,v100__16x16x32x32__c128__l3__trace-off
,v100,143.0,16x16x32x32,3,warmup,c128,0,2.263348937005503,pyqcu,off,1.6767265074916976e-08,v100__16x16x32x32__c128__l3__trace-off
,v100,143.0,16x16x32x32,3,warmup,c128,1,2.1228541229938855,pyqcu,off,1.6767265074916976e-08,v100__16x16x32x32__c128__l3__trace-off
,v100,143.0,16x16x32x32,3,steady,c128,0,1.983135372007382,pyqcu,off,1.6767265074916976e-08,v100__16x16x32x32__c128__l3__trace-off
,v100,143.0,16x16x32x32,3,steady,c128,1,1.989257926994469,pyqcu,off,1.6767265074916976e-08,v100__16x16x32x32__c128__l3__trace-off
,v100,143.0,16x16x32x32,3,steady,c128,2,2.160871877000318,pyqcu,off,1.6767265074916976e-08,v100__16x16x32x32__c128__l3__trace-off
,v100,143.0,16x16x32x32,3,steady,c128,3,2.1048228020081297,pyqcu,off,1.6767265074916976e-08,v100__16x16x32x32__c128__l3__trace-off
,v100,143.0,16x16x32x32,3,steady,c128,4,2.0808600860036677,pyqcu,off,1.6767265074916976e-08,v100__16x16x32x32__c128__l3__trace-off
,v100,102.0,16x16x32x32,3,cold,c128,0,0.36092136600927915,quda,off,1.7794279569507545e-08,v100__16x16x32x32__c128__l3__trace-off
,v100,102.0,16x16x32x32,3,warmup,c128,0,0.316810030999477,quda,off,1.7794279569507545e-08,v100__16x16x32x32__c128__l3__trace-off
,v100,102.0,16x16x32x32,3,warmup,c128,1,0.3220568349934183,quda,off,1.7794279569507545e-08,v100__16x16x32x32__c128__l3__trace-off
,v100,102.0,16x16x32x32,3,steady,c128,0,0.33529940000153147,quda,off,1.7794279569507545e-08,v100__16x16x32x32__c128__l3__trace-off
,v100,102.0,16x16x32x32,3,steady,c128,1,0.3234856339986436,quda,off,1.7794279569507545e-08,v100__16x16x32x32__c128__l3__trace-off
,v100,102.0,16x16x32x32,3,steady,c128,2,0.32913405299768783,quda,off,1.7794279569507545e-08,v100__16x16x32x32__c128__l3__trace-off
,v100,102.0,16x16x32x32,3,steady,c128,3,0.3339889269991545,quda,off,1.7794279569507545e-08,v100__16x16x32x32__c128__l3__trace-off
,v100,102.0,16x16x32x32,3,steady,c128,4,0.3208424859913066,quda,off,1.7794279569507545e-08,v100__16x16x32x32__c128__l3__trace-off
,v100,143.0,16x16x32x32,3,cold,c128,0,1.9579388029960683,pyqcu,on,1.6767265074916976e-08,v100__16x16x32x32__c128__l3__trace-on
,v100,143.0,16x16x32x32,3,warmup,c128,0,1.9447338030004175,pyqcu,on,1.6767265074916976e-08,v100__16x16x32x32__c128__l3__trace-on
,v100,143.0,16x16x32x32,3,warmup,c128,1,2.0190321510017384,pyqcu,on,1.6767265074916976e-08,v100__16x16x32x32__c128__l3__trace-on
,v100,143.0,16x16x32x32,3,steady,c128,0,2.0584123879962135,pyqcu,on,1.6767265074916976e-08,v100__16x16x32x32__c128__l3__trace-on
,v100,143.0,16x16x32x32,3,steady,c128,1,2.0280610879999585,pyqcu,on,1.6767265074916976e-08,v100__16x16x32x32__c128__l3__trace-on
,v100,143.0,16x16x32x32,3,steady,c128,2,2.0638220940018073,pyqcu,on,1.6767265074916976e-08,v100__16x16x32x32__c128__l3__trace-on
,v100,143.0,16x16x32x32,3,steady,c128,3,2.0170470690063667,pyqcu,on,1.6767265074916976e-08,v100__16x16x32x32__c128__l3__trace-on
,v100,143.0,16x16x32x32,3,steady,c128,4,2.0398198130133096,pyqcu,on,1.6767265074916976e-08,v100__16x16x32x32__c128__l3__trace-on
,v100,102.0,16x16x32x32,3,cold,c128,0,0.3522271950059803,quda,on,1.7794279569507545e-08,v100__16x16x32x32__c128__l3__trace-on
,v100,102.0,16x16x32x32,3,warmup,c128,0,0.36700446800387,quda,on,1.7794279569507545e-08,v100__16x16x32x32__c128__l3__trace-on
,v100,102.0,16x16x32x32,3,warmup,c128,1,0.34753556600480806,quda,on,1.7794279569507545e-08,v100__16x16x32x32__c128__l3__trace-on
,v100,102.0,16x16x32x32,3,steady,c128,0,0.34332432800147217,quda,on,1.7794279569507545e-08,v100__16x16x32x32__c128__l3__trace-on
,v100,102.0,16x16x32x32,3,steady,c128,1,0.3578365489956923,quda,on,1.7794279569507545e-08,v100__16x16x32x32__c128__l3__trace-on
,v100,102.0,16x16x32x32,3,steady,c128,2,0.3470918410021113,quda,on,1.7794279569507545e-08,v100__16x16x32x32__c128__l3__trace-on
,v100,102.0,16x16x32x32,3,steady,c128,3,0.3507863510021707,quda,on,1.7794279569507545e-08,v100__16x16x32x32__c128__l3__trace-on
,v100,102.0,16x16x32x32,3,steady,c128,4,0.34465880299103446,quda,on,1.7794279569507545e-08,v100__16x16x32x32__c128__l3__trace-on
,v100,137.0,16x32x32x48,1,cold,c64,0,2.923226559003524,pyqcu,off,3.792390328690136e-07,v100__16x32x32x48__c64__l1__trace-off
,v100,137.0,16x32x32x48,1,warmup,c64,0,3.070798234999529,pyqcu,off,3.792390328690136e-07,v100__16x32x32x48__c64__l1__trace-off
,v100,137.0,16x32x32x48,1,warmup,c64,1,3.1019825140028843,pyqcu,off,3.792390328690136e-07,v100__16x32x32x48__c64__l1__trace-off
,v100,137.0,16x32x32x48,1,steady,c64,0,3.0346568090026267,pyqcu,off,3.792390328690136e-07,v100__16x32x32x48__c64__l1__trace-off
,v100,137.0,16x32x32x48,1,steady,c64,1,3.003642237999884,pyqcu,off,3.792390328690136e-07,v100__16x32x32x48__c64__l1__trace-off
,v100,137.0,16x32x32x48,1,steady,c64,2,3.085585403998266,pyqcu,off,3.792390328690136e-07,v100__16x32x32x48__c64__l1__trace-off
,v100,137.0,16x32x32x48,1,steady,c64,3,3.059493183995073,pyqcu,off,3.792390328690136e-07,v100__16x32x32x48__c64__l1__trace-off
,v100,137.0,16x32x32x48,1,steady,c64,4,3.130072324995126,pyqcu,off,3.792390328690136e-07,v100__16x32x32x48__c64__l1__trace-off
,v100,88.0,16x32x32x48,1,cold,c64,0,1.5601726610038895,quda,off,6.147449926210113e-07,v100__16x32x32x48__c64__l1__trace-off
,v100,88.0,16x32x32x48,1,warmup,c64,0,0.49459722099709325,quda,off,6.147449926210113e-07,v100__16x32x32x48__c64__l1__trace-off
,v100,88.0,16x32x32x48,1,warmup,c64,1,0.5088168980000773,quda,off,6.147449926210113e-07,v100__16x32x32x48__c64__l1__trace-off
,v100,88.0,16x32x32x48,1,steady,c64,0,0.491365844005486,quda,off,6.147449926210113e-07,v100__16x32x32x48__c64__l1__trace-off
,v100,88.0,16x32x32x48,1,steady,c64,1,0.4926811170007568,quda,off,6.147449926210113e-07,v100__16x32x32x48__c64__l1__trace-off
,v100,88.0,16x32x32x48,1,steady,c64,2,0.5099506600090535,quda,off,6.147449926210113e-07,v100__16x32x32x48__c64__l1__trace-off
,v100,88.0,16x32x32x48,1,steady,c64,3,0.5155846579873469,quda,off,6.147449926210113e-07,v100__16x32x32x48__c64__l1__trace-off
,v100,88.0,16x32x32x48,1,steady,c64,4,0.5163383010076359,quda,off,6.147449926210113e-07,v100__16x32x32x48__c64__l1__trace-off
,v100,137.0,16x32x32x48,1,cold,c64,0,3.287535673000093,pyqcu,on,3.792390328690136e-07,v100__16x32x32x48__c64__l1__trace-on
,v100,137.0,16x32x32x48,1,warmup,c64,0,2.1755230269991443,pyqcu,on,3.792390328690136e-07,v100__16x32x32x48__c64__l1__trace-on
,v100,137.0,16x32x32x48,1,warmup,c64,1,2.1513051349975285,pyqcu,on,3.792390328690136e-07,v100__16x32x32x48__c64__l1__trace-on
,v100,137.0,16x32x32x48,1,steady,c64,0,2.226790492000873,pyqcu,on,3.792390328690136e-07,v100__16x32x32x48__c64__l1__trace-on
,v100,137.0,16x32x32x48,1,steady,c64,1,2.1452911179949297,pyqcu,on,3.792390328690136e-07,v100__16x32x32x48__c64__l1__trace-on
,v100,137.0,16x32x32x48,1,steady,c64,2,2.1525967579946155,pyqcu,on,3.792390328690136e-07,v100__16x32x32x48__c64__l1__trace-on
,v100,137.0,16x32x32x48,1,steady,c64,3,2.1706183170026634,pyqcu,on,3.792390328690136e-07,v100__16x32x32x48__c64__l1__trace-on
,v100,137.0,16x32x32x48,1,steady,c64,4,2.2104799099906813,pyqcu,on,3.792390328690136e-07,v100__16x32x32x48__c64__l1__trace-on
,v100,88.0,16x32x32x48,1,cold,c64,0,0.6254757220012834,quda,on,6.147449926210113e-07,v100__16x32x32x48__c64__l1__trace-on
,v100,88.0,16x32x32x48,1,warmup,c64,0,0.5526329749991419,quda,on,6.147449926210113e-07,v100__16x32x32x48__c64__l1__trace-on
,v100,88.0,16x32x32x48,1,warmup,c64,1,0.5199912450043485,quda,on,6.147449926210113e-07,v100__16x32x32x48__c64__l1__trace-on
,v100,88.0,16x32x32x48,1,steady,c64,0,0.5344813580013579,quda,on,6.147449926210113e-07,v100__16x32x32x48__c64__l1__trace-on
,v100,88.0,16x32x32x48,1,steady,c64,1,0.5448535390023608,quda,on,6.147449926210113e-07,v100__16x32x32x48__c64__l1__trace-on
,v100,88.0,16x32x32x48,1,steady,c64,2,0.5824822160066105,quda,on,6.147449926210113e-07,v100__16x32x32x48__c64__l1__trace-on
,v100,88.0,16x32x32x48,1,steady,c64,3,0.5372720400046092,quda,on,6.147449926210113e-07,v100__16x32x32x48__c64__l1__trace-on
,v100,88.0,16x32x32x48,1,steady,c64,4,0.5996053160051815,quda,on,6.147449926210113e-07,v100__16x32x32x48__c64__l1__trace-on
,v100,137.0,16x32x32x48,2,cold,c64,0,2.923226559003524,pyqcu,off,3.792390328690136e-07,v100__16x32x32x48__c64__l2__trace-off
,v100,137.0,16x32x32x48,2,warmup,c64,0,3.070798234999529,pyqcu,off,3.792390328690136e-07,v100__16x32x32x48__c64__l2__trace-off
,v100,137.0,16x32x32x48,2,warmup,c64,1,3.1019825140028843,pyqcu,off,3.792390328690136e-07,v100__16x32x32x48__c64__l2__trace-off
,v100,137.0,16x32x32x48,2,steady,c64,0,3.0346568090026267,pyqcu,off,3.792390328690136e-07,v100__16x32x32x48__c64__l2__trace-off
,v100,137.0,16x32x32x48,2,steady,c64,1,3.003642237999884,pyqcu,off,3.792390328690136e-07,v100__16x32x32x48__c64__l2__trace-off
,v100,137.0,16x32x32x48,2,steady,c64,2,3.085585403998266,pyqcu,off,3.792390328690136e-07,v100__16x32x32x48__c64__l2__trace-off
,v100,137.0,16x32x32x48,2,steady,c64,3,3.059493183995073,pyqcu,off,3.792390328690136e-07,v100__16x32x32x48__c64__l2__trace-off
,v100,137.0,16x32x32x48,2,steady,c64,4,3.130072324995126,pyqcu,off,3.792390328690136e-07,v100__16x32x32x48__c64__l2__trace-off
,v100,88.0,16x32x32x48,2,cold,c64,0,1.5601726610038895,quda,off,6.147449926210113e-07,v100__16x32x32x48__c64__l2__trace-off
,v100,88.0,16x32x32x48,2,warmup,c64,0,0.49459722099709325,quda,off,6.147449926210113e-07,v100__16x32x32x48__c64__l2__trace-off
,v100,88.0,16x32x32x48,2,warmup,c64,1,0.5088168980000773,quda,off,6.147449926210113e-07,v100__16x32x32x48__c64__l2__trace-off
,v100,88.0,16x32x32x48,2,steady,c64,0,0.491365844005486,quda,off,6.147449926210113e-07,v100__16x32x32x48__c64__l2__trace-off
,v100,88.0,16x32x32x48,2,steady,c64,1,0.4926811170007568,quda,off,6.147449926210113e-07,v100__16x32x32x48__c64__l2__trace-off
,v100,88.0,16x32x32x48,2,steady,c64,2,0.5099506600090535,quda,off,6.147449926210113e-07,v100__16x32x32x48__c64__l2__trace-off
,v100,88.0,16x32x32x48,2,steady,c64,3,0.5155846579873469,quda,off,6.147449926210113e-07,v100__16x32x32x48__c64__l2__trace-off
,v100,88.0,16x32x32x48,2,steady,c64,4,0.5163383010076359,quda,off,6.147449926210113e-07,v100__16x32x32x48__c64__l2__trace-off
,v100,137.0,16x32x32x48,2,cold,c64,0,3.287535673000093,pyqcu,on,3.792390328690136e-07,v100__16x32x32x48__c64__l2__trace-on
,v100,137.0,16x32x32x48,2,warmup,c64,0,2.1755230269991443,pyqcu,on,3.792390328690136e-07,v100__16x32x32x48__c64__l2__trace-on
,v100,137.0,16x32x32x48,2,warmup,c64,1,2.1513051349975285,pyqcu,on,3.792390328690136e-07,v100__16x32x32x48__c64__l2__trace-on
,v100,137.0,16x32x32x48,2,steady,c64,0,2.226790492000873,pyqcu,on,3.792390328690136e-07,v100__16x32x32x48__c64__l2__trace-on
,v100,137.0,16x32x32x48,2,steady,c64,1,2.1452911179949297,pyqcu,on,3.792390328690136e-07,v100__16x32x32x48__c64__l2__trace-on
,v100,137.0,16x32x32x48,2,steady,c64,2,2.1525967579946155,pyqcu,on,3.792390328690136e-07,v100__16x32x32x48__c64__l2__trace-on
,v100,137.0,16x32x32x48,2,steady,c64,3,2.1706183170026634,pyqcu,on,3.792390328690136e-07,v100__16x32x32x48__c64__l2__trace-on
,v100,137.0,16x32x32x48,2,steady,c64,4,2.2104799099906813,pyqcu,on,3.792390328690136e-07,v100__16x32x32x48__c64__l2__trace-on
,v100,88.0,16x32x32x48,2,cold,c64,0,0.6254757220012834,quda,on,6.147449926210113e-07,v100__16x32x32x48__c64__l2__trace-on
,v100,88.0,16x32x32x48,2,warmup,c64,0,0.5526329749991419,quda,on,6.147449926210113e-07,v100__16x32x32x48__c64__l2__trace-on
,v100,88.0,16x32x32x48,2,warmup,c64,1,0.5199912450043485,quda,on,6.147449926210113e-07,v100__16x32x32x48__c64__l2__trace-on
,v100,88.0,16x32x32x48,2,steady,c64,0,0.5344813580013579,quda,on,6.147449926210113e-07,v100__16x32x32x48__c64__l2__trace-on
,v100,88.0,16x32x32x48,2,steady,c64,1,0.5448535390023608,quda,on,6.147449926210113e-07,v100__16x32x32x48__c64__l2__trace-on
,v100,88.0,16x32x32x48,2,steady,c64,2,0.5824822160066105,quda,on,6.147449926210113e-07,v100__16x32x32x48__c64__l2__trace-on
,v100,88.0,16x32x32x48,2,steady,c64,3,0.5372720400046092,quda,on,6.147449926210113e-07,v100__16x32x32x48__c64__l2__trace-on
,v100,88.0,16x32x32x48,2,steady,c64,4,0.5996053160051815,quda,on,6.147449926210113e-07,v100__16x32x32x48__c64__l2__trace-on
,v100,137.0,16x32x32x48,3,cold,c64,0,3.138567679001426,pyqcu,off,3.792390328690136e-07,v100__16x32x32x48__c64__l3__trace-off
,v100,137.0,16x32x32x48,3,warmup,c64,0,3.4231085639985395,pyqcu,off,3.792390328690136e-07,v100__16x32x32x48__c64__l3__trace-off
,v100,137.0,16x32x32x48,3,warmup,c64,1,3.2480996800004505,pyqcu,off,3.792390328690136e-07,v100__16x32x32x48__c64__l3__trace-off
,v100,137.0,16x32x32x48,3,steady,c64,0,3.3164542820013594,pyqcu,off,3.792390328690136e-07,v100__16x32x32x48__c64__l3__trace-off
,v100,137.0,16x32x32x48,3,steady,c64,1,3.4344646750032553,pyqcu,off,3.792390328690136e-07,v100__16x32x32x48__c64__l3__trace-off
,v100,137.0,16x32x32x48,3,steady,c64,2,3.4200971869940986,pyqcu,off,3.792390328690136e-07,v100__16x32x32x48__c64__l3__trace-off
,v100,137.0,16x32x32x48,3,steady,c64,3,3.3774392639970756,pyqcu,off,3.792390328690136e-07,v100__16x32x32x48__c64__l3__trace-off
,v100,137.0,16x32x32x48,3,steady,c64,4,3.407938773998467,pyqcu,off,3.792390328690136e-07,v100__16x32x32x48__c64__l3__trace-off
,v100,88.0,16x32x32x48,3,cold,c64,0,0.5127797710010782,quda,off,6.147449926210113e-07,v100__16x32x32x48__c64__l3__trace-off
,v100,88.0,16x32x32x48,3,warmup,c64,0,0.5226123969914624,quda,off,6.147449926210113e-07,v100__16x32x32x48__c64__l3__trace-off
,v100,88.0,16x32x32x48,3,warmup,c64,1,0.48240447499847505,quda,off,6.147449926210113e-07,v100__16x32x32x48__c64__l3__trace-off
,v100,88.0,16x32x32x48,3,steady,c64,0,0.5341819250024855,quda,off,6.147449926210113e-07,v100__16x32x32x48__c64__l3__trace-off
,v100,88.0,16x32x32x48,3,steady,c64,1,0.544429333996959,quda,off,6.147449926210113e-07,v100__16x32x32x48__c64__l3__trace-off
,v100,88.0,16x32x32x48,3,steady,c64,2,0.563721391998115,quda,off,6.147449926210113e-07,v100__16x32x32x48__c64__l3__trace-off
,v100,88.0,16x32x32x48,3,steady,c64,3,0.5179071159946034,quda,off,6.147449926210113e-07,v100__16x32x32x48__c64__l3__trace-off
,v100,88.0,16x32x32x48,3,steady,c64,4,0.5014700000028824,quda,off,6.147449926210113e-07,v100__16x32x32x48__c64__l3__trace-off
,v100,137.0,16x32x32x48,3,cold,c64,0,2.9940686080080923,pyqcu,on,3.792390328690136e-07,v100__16x32x32x48__c64__l3__trace-on
,v100,137.0,16x32x32x48,3,warmup,c64,0,3.325307266000891,pyqcu,on,3.792390328690136e-07,v100__16x32x32x48__c64__l3__trace-on
,v100,137.0,16x32x32x48,3,warmup,c64,1,3.1265455480024684,pyqcu,on,3.792390328690136e-07,v100__16x32x32x48__c64__l3__trace-on
,v100,137.0,16x32x32x48,3,steady,c64,0,3.2748220869980287,pyqcu,on,3.792390328690136e-07,v100__16x32x32x48__c64__l3__trace-on
,v100,137.0,16x32x32x48,3,steady,c64,1,3.2558207959955325,pyqcu,on,3.792390328690136e-07,v100__16x32x32x48__c64__l3__trace-on
,v100,137.0,16x32x32x48,3,steady,c64,2,3.087019496000721,pyqcu,on,3.792390328690136e-07,v100__16x32x32x48__c64__l3__trace-on
,v100,137.0,16x32x32x48,3,steady,c64,3,2.9987073940137634,pyqcu,on,3.792390328690136e-07,v100__16x32x32x48__c64__l3__trace-on
,v100,137.0,16x32x32x48,3,steady,c64,4,3.194472085000598,pyqcu,on,3.792390328690136e-07,v100__16x32x32x48__c64__l3__trace-on
,v100,88.0,16x32x32x48,3,cold,c64,0,0.619498151994776,quda,on,6.147449926210113e-07,v100__16x32x32x48__c64__l3__trace-on
,v100,88.0,16x32x32x48,3,warmup,c64,0,0.5538371959992219,quda,on,6.147449926210113e-07,v100__16x32x32x48__c64__l3__trace-on
,v100,88.0,16x32x32x48,3,warmup,c64,1,0.6117987239995273,quda,on,6.147449926210113e-07,v100__16x32x32x48__c64__l3__trace-on
,v100,88.0,16x32x32x48,3,steady,c64,0,0.5791978519991972,quda,on,6.147449926210113e-07,v100__16x32x32x48__c64__l3__trace-on
,v100,88.0,16x32x32x48,3,steady,c64,1,0.5597134130075574,quda,on,6.147449926210113e-07,v100__16x32x32x48__c64__l3__trace-on
,v100,88.0,16x32x32x48,3,steady,c64,2,0.55801621300634,quda,on,6.147449926210113e-07,v100__16x32x32x48__c64__l3__trace-on
,v100,88.0,16x32x32x48,3,steady,c64,3,0.5596478100051172,quda,on,6.147449926210113e-07,v100__16x32x32x48__c64__l3__trace-on
,v100,88.0,16x32x32x48,3,steady,c64,4,0.5465036320092622,quda,on,6.147449926210113e-07,v100__16x32x32x48__c64__l3__trace-on
,v100,123.0,8x8x8x16,1,cold,c128,0,0.45422564799082465,pyqcu,off,1.7274750183626116e-08,v100__8x8x8x16__c128__l1__trace-off
,v100,123.0,8x8x8x16,1,warmup,c128,0,0.45259731500118505,pyqcu,off,1.7274750183626116e-08,v100__8x8x8x16__c128__l1__trace-off
,v100,123.0,8x8x8x16,1,warmup,c128,1,0.3658260700030951,pyqcu,off,1.7274750183626116e-08,v100__8x8x8x16__c128__l1__trace-off
,v100,123.0,8x8x8x16,1,steady,c128,0,0.37106501100060996,pyqcu,off,1.7274750183626116e-08,v100__8x8x8x16__c128__l1__trace-off
,v100,123.0,8x8x8x16,1,steady,c128,1,0.38039934501284733,pyqcu,off,1.7274750183626116e-08,v100__8x8x8x16__c128__l1__trace-off
,v100,123.0,8x8x8x16,1,steady,c128,2,0.3952575940056704,pyqcu,off,1.7274750183626116e-08,v100__8x8x8x16__c128__l1__trace-off
,v100,123.0,8x8x8x16,1,steady,c128,3,0.48003834100381937,pyqcu,off,1.7274750183626116e-08,v100__8x8x8x16__c128__l1__trace-off
,v100,123.0,8x8x8x16,1,steady,c128,4,0.5413712469890015,pyqcu,off,1.7274750183626116e-08,v100__8x8x8x16__c128__l1__trace-off
,v100,93.0,8x8x8x16,1,cold,c128,0,0.6194647550000809,quda,off,1.8037317946544846e-08,v100__8x8x8x16__c128__l1__trace-off
,v100,93.0,8x8x8x16,1,warmup,c128,0,0.14265814299869817,quda,off,1.8037317946544846e-08,v100__8x8x8x16__c128__l1__trace-off
,v100,93.0,8x8x8x16,1,warmup,c128,1,0.11672180800815113,quda,off,1.8037317946544846e-08,v100__8x8x8x16__c128__l1__trace-off
,v100,93.0,8x8x8x16,1,steady,c128,0,0.16247670899610966,quda,off,1.8037317946544846e-08,v100__8x8x8x16__c128__l1__trace-off
,v100,93.0,8x8x8x16,1,steady,c128,1,0.1367018820019439,quda,off,1.8037317946544846e-08,v100__8x8x8x16__c128__l1__trace-off
,v100,93.0,8x8x8x16,1,steady,c128,2,0.12899844499770552,quda,off,1.8037317946544846e-08,v100__8x8x8x16__c128__l1__trace-off
,v100,93.0,8x8x8x16,1,steady,c128,3,0.13632946500729304,quda,off,1.8037317946544846e-08,v100__8x8x8x16__c128__l1__trace-off
,v100,93.0,8x8x8x16,1,steady,c128,4,0.19330375800200272,quda,off,1.8037317946544846e-08,v100__8x8x8x16__c128__l1__trace-off
,v100,123.0,8x8x8x16,1,cold,c128,0,0.39877645700471476,pyqcu,on,1.7274750183626116e-08,v100__8x8x8x16__c128__l1__trace-on
,v100,123.0,8x8x8x16,1,warmup,c128,0,0.6677561149990652,pyqcu,on,1.7274750183626116e-08,v100__8x8x8x16__c128__l1__trace-on
,v100,123.0,8x8x8x16,1,warmup,c128,1,0.6607871529995464,pyqcu,on,1.7274750183626116e-08,v100__8x8x8x16__c128__l1__trace-on
,v100,123.0,8x8x8x16,1,steady,c128,0,0.5939863859966863,pyqcu,on,1.7274750183626116e-08,v100__8x8x8x16__c128__l1__trace-on
,v100,123.0,8x8x8x16,1,steady,c128,1,0.62883920398599,pyqcu,on,1.7274750183626116e-08,v100__8x8x8x16__c128__l1__trace-on
,v100,123.0,8x8x8x16,1,steady,c128,2,0.6592197620047955,pyqcu,on,1.7274750183626116e-08,v100__8x8x8x16__c128__l1__trace-on
,v100,123.0,8x8x8x16,1,steady,c128,3,0.6375633090065094,pyqcu,on,1.7274750183626116e-08,v100__8x8x8x16__c128__l1__trace-on
,v100,123.0,8x8x8x16,1,steady,c128,4,0.6532771189959021,pyqcu,on,1.7274750183626116e-08,v100__8x8x8x16__c128__l1__trace-on
,v100,93.0,8x8x8x16,1,cold,c128,0,0.16485043399734423,quda,on,1.8037317946544846e-08,v100__8x8x8x16__c128__l1__trace-on
,v100,93.0,8x8x8x16,1,warmup,c128,0,0.1631226719910046,quda,on,1.8037317946544846e-08,v100__8x8x8x16__c128__l1__trace-on
,v100,93.0,8x8x8x16,1,warmup,c128,1,0.1650060780084459,quda,on,1.8037317946544846e-08,v100__8x8x8x16__c128__l1__trace-on
,v100,93.0,8x8x8x16,1,steady,c128,0,0.1471153710008366,quda,on,1.8037317946544846e-08,v100__8x8x8x16__c128__l1__trace-on
,v100,93.0,8x8x8x16,1,steady,c128,1,0.15004482700896915,quda,on,1.8037317946544846e-08,v100__8x8x8x16__c128__l1__trace-on
,v100,93.0,8x8x8x16,1,steady,c128,2,0.14983375200245064,quda,on,1.8037317946544846e-08,v100__8x8x8x16__c128__l1__trace-on
,v100,93.0,8x8x8x16,1,steady,c128,3,0.14739861300040502,quda,on,1.8037317946544846e-08,v100__8x8x8x16__c128__l1__trace-on
,v100,93.0,8x8x8x16,1,steady,c128,4,0.15175636099593248,quda,on,1.8037317946544846e-08,v100__8x8x8x16__c128__l1__trace-on
,v100,123.0,8x8x8x16,2,cold,c128,0,0.45422564799082465,pyqcu,off,1.7274750183626116e-08,v100__8x8x8x16__c128__l2__trace-off
,v100,123.0,8x8x8x16,2,warmup,c128,0,0.45259731500118505,pyqcu,off,1.7274750183626116e-08,v100__8x8x8x16__c128__l2__trace-off
,v100,123.0,8x8x8x16,2,warmup,c128,1,0.3658260700030951,pyqcu,off,1.7274750183626116e-08,v100__8x8x8x16__c128__l2__trace-off
,v100,123.0,8x8x8x16,2,steady,c128,0,0.37106501100060996,pyqcu,off,1.7274750183626116e-08,v100__8x8x8x16__c128__l2__trace-off
,v100,123.0,8x8x8x16,2,steady,c128,1,0.38039934501284733,pyqcu,off,1.7274750183626116e-08,v100__8x8x8x16__c128__l2__trace-off
,v100,123.0,8x8x8x16,2,steady,c128,2,0.3952575940056704,pyqcu,off,1.7274750183626116e-08,v100__8x8x8x16__c128__l2__trace-off
,v100,123.0,8x8x8x16,2,steady,c128,3,0.48003834100381937,pyqcu,off,1.7274750183626116e-08,v100__8x8x8x16__c128__l2__trace-off
,v100,123.0,8x8x8x16,2,steady,c128,4,0.5413712469890015,pyqcu,off,1.7274750183626116e-08,v100__8x8x8x16__c128__l2__trace-off
,v100,93.0,8x8x8x16,2,cold,c128,0,0.6194647550000809,quda,off,1.8037317946544846e-08,v100__8x8x8x16__c128__l2__trace-off
,v100,93.0,8x8x8x16,2,warmup,c128,0,0.14265814299869817,quda,off,1.8037317946544846e-08,v100__8x8x8x16__c128__l2__trace-off
,v100,93.0,8x8x8x16,2,warmup,c128,1,0.11672180800815113,quda,off,1.8037317946544846e-08,v100__8x8x8x16__c128__l2__trace-off
,v100,93.0,8x8x8x16,2,steady,c128,0,0.16247670899610966,quda,off,1.8037317946544846e-08,v100__8x8x8x16__c128__l2__trace-off
,v100,93.0,8x8x8x16,2,steady,c128,1,0.1367018820019439,quda,off,1.8037317946544846e-08,v100__8x8x8x16__c128__l2__trace-off
,v100,93.0,8x8x8x16,2,steady,c128,2,0.12899844499770552,quda,off,1.8037317946544846e-08,v100__8x8x8x16__c128__l2__trace-off
,v100,93.0,8x8x8x16,2,steady,c128,3,0.13632946500729304,quda,off,1.8037317946544846e-08,v100__8x8x8x16__c128__l2__trace-off
,v100,93.0,8x8x8x16,2,steady,c128,4,0.19330375800200272,quda,off,1.8037317946544846e-08,v100__8x8x8x16__c128__l2__trace-off
,v100,123.0,8x8x8x16,2,cold,c128,0,0.39877645700471476,pyqcu,on,1.7274750183626116e-08,v100__8x8x8x16__c128__l2__trace-on
,v100,123.0,8x8x8x16,2,warmup,c128,0,0.6677561149990652,pyqcu,on,1.7274750183626116e-08,v100__8x8x8x16__c128__l2__trace-on
,v100,123.0,8x8x8x16,2,warmup,c128,1,0.6607871529995464,pyqcu,on,1.7274750183626116e-08,v100__8x8x8x16__c128__l2__trace-on
,v100,123.0,8x8x8x16,2,steady,c128,0,0.5939863859966863,pyqcu,on,1.7274750183626116e-08,v100__8x8x8x16__c128__l2__trace-on
,v100,123.0,8x8x8x16,2,steady,c128,1,0.62883920398599,pyqcu,on,1.7274750183626116e-08,v100__8x8x8x16__c128__l2__trace-on
,v100,123.0,8x8x8x16,2,steady,c128,2,0.6592197620047955,pyqcu,on,1.7274750183626116e-08,v100__8x8x8x16__c128__l2__trace-on
,v100,123.0,8x8x8x16,2,steady,c128,3,0.6375633090065094,pyqcu,on,1.7274750183626116e-08,v100__8x8x8x16__c128__l2__trace-on
,v100,123.0,8x8x8x16,2,steady,c128,4,0.6532771189959021,pyqcu,on,1.7274750183626116e-08,v100__8x8x8x16__c128__l2__trace-on
,v100,93.0,8x8x8x16,2,cold,c128,0,0.16485043399734423,quda,on,1.8037317946544846e-08,v100__8x8x8x16__c128__l2__trace-on
,v100,93.0,8x8x8x16,2,warmup,c128,0,0.1631226719910046,quda,on,1.8037317946544846e-08,v100__8x8x8x16__c128__l2__trace-on
,v100,93.0,8x8x8x16,2,warmup,c128,1,0.1650060780084459,quda,on,1.8037317946544846e-08,v100__8x8x8x16__c128__l2__trace-on
,v100,93.0,8x8x8x16,2,steady,c128,0,0.1471153710008366,quda,on,1.8037317946544846e-08,v100__8x8x8x16__c128__l2__trace-on
,v100,93.0,8x8x8x16,2,steady,c128,1,0.15004482700896915,quda,on,1.8037317946544846e-08,v100__8x8x8x16__c128__l2__trace-on
,v100,93.0,8x8x8x16,2,steady,c128,2,0.14983375200245064,quda,on,1.8037317946544846e-08,v100__8x8x8x16__c128__l2__trace-on
,v100,93.0,8x8x8x16,2,steady,c128,3,0.14739861300040502,quda,on,1.8037317946544846e-08,v100__8x8x8x16__c128__l2__trace-on
,v100,93.0,8x8x8x16,2,steady,c128,4,0.15175636099593248,quda,on,1.8037317946544846e-08,v100__8x8x8x16__c128__l2__trace-on
,v100,123.0,8x8x8x16,3,cold,c128,0,0.4331002300023101,pyqcu,off,1.7274750183626116e-08,v100__8x8x8x16__c128__l3__trace-off
,v100,123.0,8x8x8x16,3,warmup,c128,0,0.49414638000598643,pyqcu,off,1.7274750183626116e-08,v100__8x8x8x16__c128__l3__trace-off
,v100,123.0,8x8x8x16,3,warmup,c128,1,0.3854711170133669,pyqcu,off,1.7274750183626116e-08,v100__8x8x8x16__c128__l3__trace-off
,v100,123.0,8x8x8x16,3,steady,c128,0,0.3905031059985049,pyqcu,off,1.7274750183626116e-08,v100__8x8x8x16__c128__l3__trace-off
,v100,123.0,8x8x8x16,3,steady,c128,1,0.3990915010072058,pyqcu,off,1.7274750183626116e-08,v100__8x8x8x16__c128__l3__trace-off
,v100,123.0,8x8x8x16,3,steady,c128,2,0.40858434900292195,pyqcu,off,1.7274750183626116e-08,v100__8x8x8x16__c128__l3__trace-off
,v100,123.0,8x8x8x16,3,steady,c128,3,0.42596265001338907,pyqcu,off,1.7274750183626116e-08,v100__8x8x8x16__c128__l3__trace-off
,v100,123.0,8x8x8x16,3,steady,c128,4,0.3996352329995716,pyqcu,off,1.7274750183626116e-08,v100__8x8x8x16__c128__l3__trace-off
,v100,93.0,8x8x8x16,3,cold,c128,0,0.20752496700151823,quda,off,1.8037317946544846e-08,v100__8x8x8x16__c128__l3__trace-off
,v100,93.0,8x8x8x16,3,warmup,c128,0,0.18046622100519016,quda,off,1.8037317946544846e-08,v100__8x8x8x16__c128__l3__trace-off
,v100,93.0,8x8x8x16,3,warmup,c128,1,0.18409232699195854,quda,off,1.8037317946544846e-08,v100__8x8x8x16__c128__l3__trace-off
,v100,93.0,8x8x8x16,3,steady,c128,0,0.2252197560010245,quda,off,1.8037317946544846e-08,v100__8x8x8x16__c128__l3__trace-off
,v100,93.0,8x8x8x16,3,steady,c128,1,0.2002272410027217,quda,off,1.8037317946544846e-08,v100__8x8x8x16__c128__l3__trace-off
,v100,93.0,8x8x8x16,3,steady,c128,2,0.20242926500213798,quda,off,1.8037317946544846e-08,v100__8x8x8x16__c128__l3__trace-off
,v100,93.0,8x8x8x16,3,steady,c128,3,0.1864775610010838,quda,off,1.8037317946544846e-08,v100__8x8x8x16__c128__l3__trace-off
,v100,93.0,8x8x8x16,3,steady,c128,4,0.19345465699734632,quda,off,1.8037317946544846e-08,v100__8x8x8x16__c128__l3__trace-off
,v100,123.0,8x8x8x16,3,cold,c128,0,0.49976160100777633,pyqcu,on,1.7274750183626116e-08,v100__8x8x8x16__c128__l3__trace-on
,v100,123.0,8x8x8x16,3,warmup,c128,0,0.646183609002037,pyqcu,on,1.7274750183626116e-08,v100__8x8x8x16__c128__l3__trace-on
,v100,123.0,8x8x8x16,3,warmup,c128,1,0.6882370109960902,pyqcu,on,1.7274750183626116e-08,v100__8x8x8x16__c128__l3__trace-on
,v100,123.0,8x8x8x16,3,steady,c128,0,0.7338952110003447,pyqcu,on,1.7274750183626116e-08,v100__8x8x8x16__c128__l3__trace-on
,v100,123.0,8x8x8x16,3,steady,c128,1,0.5025918930041371,pyqcu,on,1.7274750183626116e-08,v100__8x8x8x16__c128__l3__trace-on
,v100,123.0,8x8x8x16,3,steady,c128,2,0.49563229200430214,pyqcu,on,1.7274750183626116e-08,v100__8x8x8x16__c128__l3__trace-on
,v100,123.0,8x8x8x16,3,steady,c128,3,0.6098340799944708,pyqcu,on,1.7274750183626116e-08,v100__8x8x8x16__c128__l3__trace-on
,v100,123.0,8x8x8x16,3,steady,c128,4,0.48819296300644055,pyqcu,on,1.7274750183626116e-08,v100__8x8x8x16__c128__l3__trace-on
,v100,93.0,8x8x8x16,3,cold,c128,0,0.1477213979960652,quda,on,1.8037317946544846e-08,v100__8x8x8x16__c128__l3__trace-on
,v100,93.0,8x8x8x16,3,warmup,c128,0,0.13031916601175908,quda,on,1.8037317946544846e-08,v100__8x8x8x16__c128__l3__trace-on
,v100,93.0,8x8x8x16,3,warmup,c128,1,0.1489506759971846,quda,on,1.8037317946544846e-08,v100__8x8x8x16__c128__l3__trace-on
,v100,93.0,8x8x8x16,3,steady,c128,0,0.13389787898631766,quda,on,1.8037317946544846e-08,v100__8x8x8x16__c128__l3__trace-on
,v100,93.0,8x8x8x16,3,steady,c128,1,0.13130412399186753,quda,on,1.8037317946544846e-08,v100__8x8x8x16__c128__l3__trace-on
,v100,93.0,8x8x8x16,3,steady,c128,2,0.12862826501077507,quda,on,1.8037317946544846e-08,v100__8x8x8x16__c128__l3__trace-on
,v100,93.0,8x8x8x16,3,steady,c128,3,0.1199878500046907,quda,on,1.8037317946544846e-08,v100__8x8x8x16__c128__l3__trace-on
,v100,93.0,8x8x8x16,3,steady,c128,4,0.11877777799963951,quda,on,1.8037317946544846e-08,v100__8x8x8x16__c128__l3__trace-on
,v100,91.0,8x8x8x16,1,cold,c64,0,0.5148135889976402,pyqcu,off,6.88093633114058e-07,v100__8x8x8x16__c64__l1__trace-off
,v100,91.0,8x8x8x16,1,warmup,c64,0,0.3633119269943563,pyqcu,off,6.88093633114058e-07,v100__8x8x8x16__c64__l1__trace-off
,v100,91.0,8x8x8x16,1,warmup,c64,1,0.4173379800049588,pyqcu,off,6.88093633114058e-07,v100__8x8x8x16__c64__l1__trace-off
,v100,91.0,8x8x8x16,1,steady,c64,0,0.39318551500036847,pyqcu,off,6.88093633114058e-07,v100__8x8x8x16__c64__l1__trace-off
,v100,91.0,8x8x8x16,1,steady,c64,1,0.47637451499758754,pyqcu,off,6.88093633114058e-07,v100__8x8x8x16__c64__l1__trace-off
,v100,91.0,8x8x8x16,1,steady,c64,2,0.4017928009998286,pyqcu,off,6.88093633114058e-07,v100__8x8x8x16__c64__l1__trace-off
,v100,91.0,8x8x8x16,1,steady,c64,3,0.4249969129959936,pyqcu,off,6.88093633114058e-07,v100__8x8x8x16__c64__l1__trace-off
,v100,91.0,8x8x8x16,1,steady,c64,4,0.4657475150015671,pyqcu,off,6.88093633114058e-07,v100__8x8x8x16__c64__l1__trace-off
,v100,68.0,8x8x8x16,1,cold,c64,0,0.5397149179916596,quda,off,2.9542105050682294e-07,v100__8x8x8x16__c64__l1__trace-off
,v100,68.0,8x8x8x16,1,warmup,c64,0,0.1254057960031787,quda,off,2.9542105050682294e-07,v100__8x8x8x16__c64__l1__trace-off
,v100,68.0,8x8x8x16,1,warmup,c64,1,0.13262483399012126,quda,off,2.9542105050682294e-07,v100__8x8x8x16__c64__l1__trace-off
,v100,68.0,8x8x8x16,1,steady,c64,0,0.12268973200116307,quda,off,2.9542105050682294e-07,v100__8x8x8x16__c64__l1__trace-off
,v100,68.0,8x8x8x16,1,steady,c64,1,0.12545399898954201,quda,off,2.9542105050682294e-07,v100__8x8x8x16__c64__l1__trace-off
,v100,68.0,8x8x8x16,1,steady,c64,2,0.11994246499671135,quda,off,2.9542105050682294e-07,v100__8x8x8x16__c64__l1__trace-off
,v100,68.0,8x8x8x16,1,steady,c64,3,0.11325306000071578,quda,off,2.9542105050682294e-07,v100__8x8x8x16__c64__l1__trace-off
,v100,68.0,8x8x8x16,1,steady,c64,4,0.11794114399526734,quda,off,2.9542105050682294e-07,v100__8x8x8x16__c64__l1__trace-off
,v100,91.0,8x8x8x16,1,cold,c64,0,0.33438132199808024,pyqcu,on,6.88093633114058e-07,v100__8x8x8x16__c64__l1__trace-on
,v100,91.0,8x8x8x16,1,warmup,c64,0,0.2963749909977196,pyqcu,on,6.88093633114058e-07,v100__8x8x8x16__c64__l1__trace-on
,v100,91.0,8x8x8x16,1,warmup,c64,1,0.3126147060029325,pyqcu,on,6.88093633114058e-07,v100__8x8x8x16__c64__l1__trace-on
,v100,91.0,8x8x8x16,1,steady,c64,0,0.3671333759994013,pyqcu,on,6.88093633114058e-07,v100__8x8x8x16__c64__l1__trace-on
,v100,91.0,8x8x8x16,1,steady,c64,1,0.41645815399533603,pyqcu,on,6.88093633114058e-07,v100__8x8x8x16__c64__l1__trace-on
,v100,91.0,8x8x8x16,1,steady,c64,2,0.3344917369977338,pyqcu,on,6.88093633114058e-07,v100__8x8x8x16__c64__l1__trace-on
,v100,91.0,8x8x8x16,1,steady,c64,3,0.30935672200575937,pyqcu,on,6.88093633114058e-07,v100__8x8x8x16__c64__l1__trace-on
,v100,91.0,8x8x8x16,1,steady,c64,4,0.3267351009999402,pyqcu,on,6.88093633114058e-07,v100__8x8x8x16__c64__l1__trace-on
,v100,68.0,8x8x8x16,1,cold,c64,0,0.15412333399581257,quda,on,2.9542105050682294e-07,v100__8x8x8x16__c64__l1__trace-on
,v100,68.0,8x8x8x16,1,warmup,c64,0,0.11258979000558611,quda,on,2.9542105050682294e-07,v100__8x8x8x16__c64__l1__trace-on
,v100,68.0,8x8x8x16,1,warmup,c64,1,0.11625159700633958,quda,on,2.9542105050682294e-07,v100__8x8x8x16__c64__l1__trace-on
,v100,68.0,8x8x8x16,1,steady,c64,0,0.11143352300859988,quda,on,2.9542105050682294e-07,v100__8x8x8x16__c64__l1__trace-on
,v100,68.0,8x8x8x16,1,steady,c64,1,0.10991713799012359,quda,on,2.9542105050682294e-07,v100__8x8x8x16__c64__l1__trace-on
,v100,68.0,8x8x8x16,1,steady,c64,2,0.12342120399989653,quda,on,2.9542105050682294e-07,v100__8x8x8x16__c64__l1__trace-on
,v100,68.0,8x8x8x16,1,steady,c64,3,0.1223914479924133,quda,on,2.9542105050682294e-07,v100__8x8x8x16__c64__l1__trace-on
,v100,68.0,8x8x8x16,1,steady,c64,4,0.1215691359975608,quda,on,2.9542105050682294e-07,v100__8x8x8x16__c64__l1__trace-on
,v100,91.0,8x8x8x16,2,cold,c64,0,0.5148135889976402,pyqcu,off,6.88093633114058e-07,v100__8x8x8x16__c64__l2__trace-off
,v100,91.0,8x8x8x16,2,warmup,c64,0,0.3633119269943563,pyqcu,off,6.88093633114058e-07,v100__8x8x8x16__c64__l2__trace-off
,v100,91.0,8x8x8x16,2,warmup,c64,1,0.4173379800049588,pyqcu,off,6.88093633114058e-07,v100__8x8x8x16__c64__l2__trace-off
,v100,91.0,8x8x8x16,2,steady,c64,0,0.39318551500036847,pyqcu,off,6.88093633114058e-07,v100__8x8x8x16__c64__l2__trace-off
,v100,91.0,8x8x8x16,2,steady,c64,1,0.47637451499758754,pyqcu,off,6.88093633114058e-07,v100__8x8x8x16__c64__l2__trace-off
,v100,91.0,8x8x8x16,2,steady,c64,2,0.4017928009998286,pyqcu,off,6.88093633114058e-07,v100__8x8x8x16__c64__l2__trace-off
,v100,91.0,8x8x8x16,2,steady,c64,3,0.4249969129959936,pyqcu,off,6.88093633114058e-07,v100__8x8x8x16__c64__l2__trace-off
,v100,91.0,8x8x8x16,2,steady,c64,4,0.4657475150015671,pyqcu,off,6.88093633114058e-07,v100__8x8x8x16__c64__l2__trace-off
,v100,68.0,8x8x8x16,2,cold,c64,0,0.5397149179916596,quda,off,2.9542105050682294e-07,v100__8x8x8x16__c64__l2__trace-off
,v100,68.0,8x8x8x16,2,warmup,c64,0,0.1254057960031787,quda,off,2.9542105050682294e-07,v100__8x8x8x16__c64__l2__trace-off
,v100,68.0,8x8x8x16,2,warmup,c64,1,0.13262483399012126,quda,off,2.9542105050682294e-07,v100__8x8x8x16__c64__l2__trace-off
,v100,68.0,8x8x8x16,2,steady,c64,0,0.12268973200116307,quda,off,2.9542105050682294e-07,v100__8x8x8x16__c64__l2__trace-off
,v100,68.0,8x8x8x16,2,steady,c64,1,0.12545399898954201,quda,off,2.9542105050682294e-07,v100__8x8x8x16__c64__l2__trace-off
,v100,68.0,8x8x8x16,2,steady,c64,2,0.11994246499671135,quda,off,2.9542105050682294e-07,v100__8x8x8x16__c64__l2__trace-off
,v100,68.0,8x8x8x16,2,steady,c64,3,0.11325306000071578,quda,off,2.9542105050682294e-07,v100__8x8x8x16__c64__l2__trace-off
,v100,68.0,8x8x8x16,2,steady,c64,4,0.11794114399526734,quda,off,2.9542105050682294e-07,v100__8x8x8x16__c64__l2__trace-off
,v100,91.0,8x8x8x16,2,cold,c64,0,0.33438132199808024,pyqcu,on,6.88093633114058e-07,v100__8x8x8x16__c64__l2__trace-on
,v100,91.0,8x8x8x16,2,warmup,c64,0,0.2963749909977196,pyqcu,on,6.88093633114058e-07,v100__8x8x8x16__c64__l2__trace-on
,v100,91.0,8x8x8x16,2,warmup,c64,1,0.3126147060029325,pyqcu,on,6.88093633114058e-07,v100__8x8x8x16__c64__l2__trace-on
,v100,91.0,8x8x8x16,2,steady,c64,0,0.3671333759994013,pyqcu,on,6.88093633114058e-07,v100__8x8x8x16__c64__l2__trace-on
,v100,91.0,8x8x8x16,2,steady,c64,1,0.41645815399533603,pyqcu,on,6.88093633114058e-07,v100__8x8x8x16__c64__l2__trace-on
,v100,91.0,8x8x8x16,2,steady,c64,2,0.3344917369977338,pyqcu,on,6.88093633114058e-07,v100__8x8x8x16__c64__l2__trace-on
,v100,91.0,8x8x8x16,2,steady,c64,3,0.30935672200575937,pyqcu,on,6.88093633114058e-07,v100__8x8x8x16__c64__l2__trace-on
,v100,91.0,8x8x8x16,2,steady,c64,4,0.3267351009999402,pyqcu,on,6.88093633114058e-07,v100__8x8x8x16__c64__l2__trace-on
,v100,68.0,8x8x8x16,2,cold,c64,0,0.15412333399581257,quda,on,2.9542105050682294e-07,v100__8x8x8x16__c64__l2__trace-on
,v100,68.0,8x8x8x16,2,warmup,c64,0,0.11258979000558611,quda,on,2.9542105050682294e-07,v100__8x8x8x16__c64__l2__trace-on
,v100,68.0,8x8x8x16,2,warmup,c64,1,0.11625159700633958,quda,on,2.9542105050682294e-07,v100__8x8x8x16__c64__l2__trace-on
,v100,68.0,8x8x8x16,2,steady,c64,0,0.11143352300859988,quda,on,2.9542105050682294e-07,v100__8x8x8x16__c64__l2__trace-on
,v100,68.0,8x8x8x16,2,steady,c64,1,0.10991713799012359,quda,on,2.9542105050682294e-07,v100__8x8x8x16__c64__l2__trace-on
,v100,68.0,8x8x8x16,2,steady,c64,2,0.12342120399989653,quda,on,2.9542105050682294e-07,v100__8x8x8x16__c64__l2__trace-on
,v100,68.0,8x8x8x16,2,steady,c64,3,0.1223914479924133,quda,on,2.9542105050682294e-07,v100__8x8x8x16__c64__l2__trace-on
,v100,68.0,8x8x8x16,2,steady,c64,4,0.1215691359975608,quda,on,2.9542105050682294e-07,v100__8x8x8x16__c64__l2__trace-on
,v100,91.0,8x8x8x16,3,cold,c64,0,0.29183084899705136,pyqcu,off,6.88093633114058e-07,v100__8x8x8x16__c64__l3__trace-off
,v100,91.0,8x8x8x16,3,warmup,c64,0,0.4077302579971729,pyqcu,off,6.88093633114058e-07,v100__8x8x8x16__c64__l3__trace-off
,v100,91.0,8x8x8x16,3,warmup,c64,1,0.4140452169958735,pyqcu,off,6.88093633114058e-07,v100__8x8x8x16__c64__l3__trace-off
,v100,91.0,8x8x8x16,3,steady,c64,0,0.2802572180007701,pyqcu,off,6.88093633114058e-07,v100__8x8x8x16__c64__l3__trace-off
,v100,91.0,8x8x8x16,3,steady,c64,1,0.2699853340018308,pyqcu,off,6.88093633114058e-07,v100__8x8x8x16__c64__l3__trace-off
,v100,91.0,8x8x8x16,3,steady,c64,2,0.26084701500076335,pyqcu,off,6.88093633114058e-07,v100__8x8x8x16__c64__l3__trace-off
,v100,91.0,8x8x8x16,3,steady,c64,3,0.31484518200159073,pyqcu,off,6.88093633114058e-07,v100__8x8x8x16__c64__l3__trace-off
,v100,91.0,8x8x8x16,3,steady,c64,4,0.29113843599770917,pyqcu,off,6.88093633114058e-07,v100__8x8x8x16__c64__l3__trace-off
,v100,68.0,8x8x8x16,3,cold,c64,0,0.12533942199661396,quda,off,2.9542105050682294e-07,v100__8x8x8x16__c64__l3__trace-off
,v100,68.0,8x8x8x16,3,warmup,c64,0,0.08884076599497348,quda,off,2.9542105050682294e-07,v100__8x8x8x16__c64__l3__trace-off
,v100,68.0,8x8x8x16,3,warmup,c64,1,0.09908294999331702,quda,off,2.9542105050682294e-07,v100__8x8x8x16__c64__l3__trace-off
,v100,68.0,8x8x8x16,3,steady,c64,0,0.12889985099900514,quda,off,2.9542105050682294e-07,v100__8x8x8x16__c64__l3__trace-off
,v100,68.0,8x8x8x16,3,steady,c64,1,0.10036962399317417,quda,off,2.9542105050682294e-07,v100__8x8x8x16__c64__l3__trace-off
,v100,68.0,8x8x8x16,3,steady,c64,2,0.15393727899936493,quda,off,2.9542105050682294e-07,v100__8x8x8x16__c64__l3__trace-off
,v100,68.0,8x8x8x16,3,steady,c64,3,0.09438018299988471,quda,off,2.9542105050682294e-07,v100__8x8x8x16__c64__l3__trace-off
,v100,68.0,8x8x8x16,3,steady,c64,4,0.10615155399136711,quda,off,2.9542105050682294e-07,v100__8x8x8x16__c64__l3__trace-off
,v100,91.0,8x8x8x16,3,cold,c64,0,0.49673320400324883,pyqcu,on,6.88093633114058e-07,v100__8x8x8x16__c64__l3__trace-on
,v100,91.0,8x8x8x16,3,warmup,c64,0,0.4315714199983631,pyqcu,on,6.88093633114058e-07,v100__8x8x8x16__c64__l3__trace-on
,v100,91.0,8x8x8x16,3,warmup,c64,1,0.4167251840044628,pyqcu,on,6.88093633114058e-07,v100__8x8x8x16__c64__l3__trace-on
,v100,91.0,8x8x8x16,3,steady,c64,0,0.47394470799918054,pyqcu,on,6.88093633114058e-07,v100__8x8x8x16__c64__l3__trace-on
,v100,91.0,8x8x8x16,3,steady,c64,1,0.4506290940043982,pyqcu,on,6.88093633114058e-07,v100__8x8x8x16__c64__l3__trace-on
,v100,91.0,8x8x8x16,3,steady,c64,2,0.46611726700211875,pyqcu,on,6.88093633114058e-07,v100__8x8x8x16__c64__l3__trace-on
,v100,91.0,8x8x8x16,3,steady,c64,3,0.4601700319981319,pyqcu,on,6.88093633114058e-07,v100__8x8x8x16__c64__l3__trace-on
,v100,91.0,8x8x8x16,3,steady,c64,4,0.45888845899753505,pyqcu,on,6.88093633114058e-07,v100__8x8x8x16__c64__l3__trace-on
,v100,68.0,8x8x8x16,3,cold,c64,0,0.12580978000187315,quda,on,2.9542105050682294e-07,v100__8x8x8x16__c64__l3__trace-on
,v100,68.0,8x8x8x16,3,warmup,c64,0,0.09912195299693849,quda,on,2.9542105050682294e-07,v100__8x8x8x16__c64__l3__trace-on
,v100,68.0,8x8x8x16,3,warmup,c64,1,0.10291467000206467,quda,on,2.9542105050682294e-07,v100__8x8x8x16__c64__l3__trace-on
,v100,68.0,8x8x8x16,3,steady,c64,0,0.09655190601188224,quda,on,2.9542105050682294e-07,v100__8x8x8x16__c64__l3__trace-on
,v100,68.0,8x8x8x16,3,steady,c64,1,0.1165398470038781,quda,on,2.9542105050682294e-07,v100__8x8x8x16__c64__l3__trace-on
,v100,68.0,8x8x8x16,3,steady,c64,2,0.12653211699216627,quda,on,2.9542105050682294e-07,v100__8x8x8x16__c64__l3__trace-on
,v100,68.0,8x8x8x16,3,steady,c64,3,0.1258727790118428,quda,on,2.9542105050682294e-07,v100__8x8x8x16__c64__l3__trace-on
,v100,68.0,8x8x8x16,3,steady,c64,4,0.12356864700268488,quda,on,2.9542105050682294e-07,v100__8x8x8x16__c64__l3__trace-on
